"post_title","post_content","post_excerpt","post_status","make","condition","Sale price","Price","Mileage","Featured Image","Images"
"Import car 1","Car 1 content","Car 1 excerpt","publish","Import model","Import Condition","1500","1600","1000","http://cdn.motors.stylemixthemes.com/demo/wp-content/uploads/2015/12/placeholder-350x356.gif","http://cdn.motors.stylemixthemes.com/demo/wp-content/uploads/2015/12/placeholder-350x356.gif|http://cdn.motors.stylemixthemes.com/demo/wp-content/uploads/2015/12/placeholder-350x356.gif"
"Import car 2","Car 2 content","Car 2 excerpt","publish","Import model","Import Condition","1500","1600","1000","http://cdn.motors.stylemixthemes.com/demo/wp-content/uploads/2015/12/placeholder-350x356.gif","http://cdn.motors.stylemixthemes.com/demo/wp-content/uploads/2015/12/placeholder-350x356.gif|http://cdn.motors.stylemixthemes.com/demo/wp-content/uploads/2015/12/placeholder-350x356.gif"
"Import car 3","Car 3 content","Car 3 excerpt","publish","Import model","Import Condition","1500","1600","1000","http://cdn.motors.stylemixthemes.com/demo/wp-content/uploads/2015/12/placeholder-350x356.gif","http://cdn.motors.stylemixthemes.com/demo/wp-content/uploads/2015/12/placeholder-350x356.gif|http://cdn.motors.stylemixthemes.com/demo/wp-content/uploads/2015/12/placeholder-350x356.gif"
"Import car 4","Car 4 content","Car 4 excerpt","publish","Import model","Import Condition","1500","1600","1000","http://cdn.motors.stylemixthemes.com/demo/wp-content/uploads/2015/12/placeholder-350x356.gif","http://cdn.motors.stylemixthemes.com/demo/wp-content/uploads/2015/12/placeholder-350x356.gif|http://cdn.motors.stylemixthemes.com/demo/wp-content/uploads/2015/12/placeholder-350x356.gif"
"Import car 5","Car 5 content","Car 5 excerpt","publish","Import model","Import Condition","1500","1600","1000","http://cdn.motors.stylemixthemes.com/demo/wp-content/uploads/2015/12/placeholder-350x356.gif","http://cdn.motors.stylemixthemes.com/demo/wp-content/uploads/2015/12/placeholder-350x356.gif|http://cdn.motors.stylemixthemes.com/demo/wp-content/uploads/2015/12/placeholder-350x356.gif"
"Import car 6","Car 6 content","Car 6 excerpt","publish","Import model","Import Condition","1500","1600","1000","http://cdn.motors.stylemixthemes.com/demo/wp-content/uploads/2015/12/placeholder-350x356.gif","http://cdn.motors.stylemixthemes.com/demo/wp-content/uploads/2015/12/placeholder-350x356.gif|http://cdn.motors.stylemixthemes.com/demo/wp-content/uploads/2015/12/placeholder-350x356.gif"