<?xml version="1.0" encoding="UTF-8" ?>
<!-- This is a WordPress eXtended RSS file generated by WordPress as an export of your site. -->
<!-- It contains information about your site's posts, pages, comments, categories, and other content. -->
<!-- You may use this file to transfer that content from one site to another. -->
<!-- This file is not intended to serve as a complete backup of your site. -->

<!-- To import this information into a WordPress site follow these steps: -->
<!-- 1. Log in to that site as an administrator. -->
<!-- 2. Go to Tools: Import in the WordPress admin panel. -->
<!-- 3. Install the "WordPress" importer from the list. -->
<!-- 4. Activate & Run Importer. -->
<!-- 5. Upload this file using the form provided on that page. -->
<!-- 6. You will first be asked to map the authors in this export file to users -->
<!--    on the site. For each author, you may choose to map to an -->
<!--    existing user on the site or to create a new user. -->
<!-- 7. WordPress will then import each of the posts, pages, comments, categories, etc. -->
<!--    contained in this file into your site. -->

<!-- generator="WordPress/4.9.8" created="2018-10-25 13:20" -->
<rss version="2.0"
	xmlns:excerpt="http://wordpress.org/export/1.2/excerpt/"
	xmlns:content="http://purl.org/rss/1.0/modules/content/"
	xmlns:wfw="http://wellformedweb.org/CommentAPI/"
	xmlns:dc="http://purl.org/dc/elements/1.1/"
	xmlns:wp="http://wordpress.org/export/1.2/"
>

<channel>

	<wp:wxr_version>1.2</wp:wxr_version>

	<item>
		<title>placeholder-570-380</title>
		<link>http://quanticalabs.com/wptest/medicenter-new/placeholder-570-380/</link>
		<pubDate>Mon, 17 May 2021 11:07:32 +0000</pubDate>
		<dc:creator><![CDATA[admin]]></dc:creator>
		<guid isPermaLink="false">http://quanticalabs.com/wptest/medicenter-new/files/2021/05/placeholder-570-380.png</guid>
		<description></description>
		<content:encoded><![CDATA[]]></content:encoded>
		<excerpt:encoded><![CDATA[]]></excerpt:encoded>
		<wp:post_id>3854</wp:post_id>
		<wp:post_date><![CDATA[2021-05-17 11:07:32]]></wp:post_date>
		<wp:post_date_gmt><![CDATA[2021-05-17 11:07:32]]></wp:post_date_gmt>
		<wp:comment_status><![CDATA[open]]></wp:comment_status>
		<wp:ping_status><![CDATA[closed]]></wp:ping_status>
		<wp:post_name><![CDATA[placeholder-570-380]]></wp:post_name>
		<wp:status><![CDATA[inherit]]></wp:status>
		<wp:post_parent>0</wp:post_parent>
		<wp:menu_order>0</wp:menu_order>
		<wp:post_type><![CDATA[attachment]]></wp:post_type>
		<wp:post_password><![CDATA[]]></wp:post_password>
		<wp:is_sticky>0</wp:is_sticky>
		<wp:attachment_url><![CDATA[http://quanticalabs.com/wptest/medicenter-new/files/2021/05/placeholder-570-380.png]]></wp:attachment_url>
		<wp:postmeta>
			<wp:meta_key><![CDATA[_wp_attached_file]]></wp:meta_key>
			<wp:meta_value><![CDATA[2021/05/placeholder-570-380.png]]></wp:meta_value>
		</wp:postmeta>
		<wp:postmeta>
			<wp:meta_key><![CDATA[_wp_attachment_metadata]]></wp:meta_key>
			<wp:meta_value><![CDATA[a:5:{s:5:"width";i:570;s:6:"height";i:380;s:4:"file";s:31:"2021/05/placeholder-570-380.png";s:5:"sizes";a:7:{s:6:"medium";a:4:{s:4:"file";s:31:"placeholder-570-380-300x200.png";s:5:"width";i:300;s:6:"height";i:200;s:9:"mime-type";s:9:"image/png";}s:9:"thumbnail";a:4:{s:4:"file";s:31:"placeholder-570-380-150x150.png";s:5:"width";i:150;s:6:"height";i:150;s:9:"mime-type";s:9:"image/png";}s:12:"medium-thumb";a:4:{s:4:"file";s:31:"placeholder-570-380-480x320.png";s:5:"width";i:480;s:6:"height";i:320;s:9:"mime-type";s:9:"image/png";}s:31:"medicenter-gallery-thumb-type-1";a:4:{s:4:"file";s:31:"placeholder-570-380-390x260.png";s:5:"width";i:390;s:6:"height";i:260;s:9:"mime-type";s:9:"image/png";}s:31:"medicenter-gallery-thumb-type-2";a:4:{s:4:"file";s:31:"placeholder-570-380-285x190.png";s:5:"width";i:285;s:6:"height";i:190;s:9:"mime-type";s:9:"image/png";}s:25:"medicenter-vertical-image";a:4:{s:4:"file";s:31:"placeholder-570-380-320x380.png";s:5:"width";i:320;s:6:"height";i:380;s:9:"mime-type";s:9:"image/png";}s:22:"medicenter-small-thumb";a:4:{s:4:"file";s:31:"placeholder-570-380-100x100.png";s:5:"width";i:100;s:6:"height";i:100;s:9:"mime-type";s:9:"image/png";}}s:10:"image_meta";a:12:{s:8:"aperture";s:1:"0";s:6:"credit";s:0:"";s:6:"camera";s:0:"";s:7:"caption";s:0:"";s:17:"created_timestamp";s:1:"0";s:9:"copyright";s:0:"";s:12:"focal_length";s:1:"0";s:3:"iso";s:1:"0";s:13:"shutter_speed";s:1:"0";s:5:"title";s:0:"";s:11:"orientation";s:1:"0";s:8:"keywords";a:0:{}}}]]></wp:meta_value>
		</wp:postmeta>
	</item>
	<item>
		<title>placeholder-330-220</title>
		<link>http://quanticalabs.com/wptest/medicenter-new/placeholder-330-220/</link>
		<pubDate>Mon, 17 May 2021 13:18:51 +0000</pubDate>
		<dc:creator><![CDATA[admin]]></dc:creator>
		<guid isPermaLink="false">http://quanticalabs.com/wptest/medicenter-new/files/2021/05/placeholder-330-220.png</guid>
		<description></description>
		<content:encoded><![CDATA[]]></content:encoded>
		<excerpt:encoded><![CDATA[]]></excerpt:encoded>
		<wp:post_id>3859</wp:post_id>
		<wp:post_date><![CDATA[2021-05-17 13:18:51]]></wp:post_date>
		<wp:post_date_gmt><![CDATA[2021-05-17 13:18:51]]></wp:post_date_gmt>
		<wp:comment_status><![CDATA[open]]></wp:comment_status>
		<wp:ping_status><![CDATA[closed]]></wp:ping_status>
		<wp:post_name><![CDATA[placeholder-330-220]]></wp:post_name>
		<wp:status><![CDATA[inherit]]></wp:status>
		<wp:post_parent>0</wp:post_parent>
		<wp:menu_order>0</wp:menu_order>
		<wp:post_type><![CDATA[attachment]]></wp:post_type>
		<wp:post_password><![CDATA[]]></wp:post_password>
		<wp:is_sticky>0</wp:is_sticky>
						<wp:attachment_url><![CDATA[http://quanticalabs.com/wptest/medicenter-new/files/2021/05/placeholder-330-220.png]]></wp:attachment_url>
											<wp:postmeta>
		<wp:meta_key><![CDATA[_wp_attached_file]]></wp:meta_key>
		<wp:meta_value><![CDATA[2021/05/placeholder-330-220.png]]></wp:meta_value>
		</wp:postmeta>
							<wp:postmeta>
		<wp:meta_key><![CDATA[_wp_attachment_metadata]]></wp:meta_key>
		<wp:meta_value><![CDATA[a:5:{s:5:"width";i:330;s:6:"height";i:220;s:4:"file";s:31:"2021/05/placeholder-330-220.png";s:5:"sizes";a:5:{s:6:"medium";a:4:{s:4:"file";s:31:"placeholder-330-220-300x200.png";s:5:"width";i:300;s:6:"height";i:200;s:9:"mime-type";s:9:"image/png";}s:9:"thumbnail";a:4:{s:4:"file";s:31:"placeholder-330-220-150x150.png";s:5:"width";i:150;s:6:"height";i:150;s:9:"mime-type";s:9:"image/png";}s:31:"medicenter-gallery-thumb-type-2";a:4:{s:4:"file";s:31:"placeholder-330-220-285x190.png";s:5:"width";i:285;s:6:"height";i:190;s:9:"mime-type";s:9:"image/png";}s:25:"medicenter-vertical-image";a:4:{s:4:"file";s:31:"placeholder-330-220-320x220.png";s:5:"width";i:320;s:6:"height";i:220;s:9:"mime-type";s:9:"image/png";}s:22:"medicenter-small-thumb";a:4:{s:4:"file";s:31:"placeholder-330-220-100x100.png";s:5:"width";i:100;s:6:"height";i:100;s:9:"mime-type";s:9:"image/png";}}s:10:"image_meta";a:12:{s:8:"aperture";s:1:"0";s:6:"credit";s:0:"";s:6:"camera";s:0:"";s:7:"caption";s:0:"";s:17:"created_timestamp";s:1:"0";s:9:"copyright";s:0:"";s:12:"focal_length";s:1:"0";s:3:"iso";s:1:"0";s:13:"shutter_speed";s:1:"0";s:5:"title";s:0:"";s:11:"orientation";s:1:"0";s:8:"keywords";a:0:{}}}]]></wp:meta_value>
		</wp:postmeta>
	</item>
	<item>
		<title>placeholder</title>
		<link>http://quanticalabs.com/wptest/medicenter-new/placeholder/</link>
		<pubDate>Wed, 24 Oct 2018 12:54:31 +0000</pubDate>
		<dc:creator><![CDATA[admin]]></dc:creator>
		<guid isPermaLink="false">http://quanticalabs.com/wptest/medicenter-new/files/2018/10/placeholder.jpg</guid>
		<description></description>
		<content:encoded><![CDATA[]]></content:encoded>
		<excerpt:encoded><![CDATA[]]></excerpt:encoded>
		<wp:post_id>3750</wp:post_id>
		<wp:post_date><![CDATA[2018-10-24 12:54:31]]></wp:post_date>
		<wp:post_date_gmt><![CDATA[2018-10-24 12:54:31]]></wp:post_date_gmt>
		<wp:comment_status><![CDATA[open]]></wp:comment_status>
		<wp:ping_status><![CDATA[closed]]></wp:ping_status>
		<wp:post_name><![CDATA[placeholder]]></wp:post_name>
		<wp:status><![CDATA[inherit]]></wp:status>
		<wp:post_parent>0</wp:post_parent>
		<wp:menu_order>0</wp:menu_order>
		<wp:post_type><![CDATA[attachment]]></wp:post_type>
		<wp:post_password><![CDATA[]]></wp:post_password>
		<wp:is_sticky>0</wp:is_sticky>
		<wp:attachment_url><![CDATA[http://quanticalabs.com/wptest/medicenter-new/files/2018/10/placeholder.jpg]]></wp:attachment_url>
		<wp:postmeta>
			<wp:meta_key><![CDATA[_wp_attached_file]]></wp:meta_key>
			<wp:meta_value><![CDATA[2018/10/placeholder.jpg]]></wp:meta_value>
		</wp:postmeta>
		<wp:postmeta>
			<wp:meta_key><![CDATA[_wp_attachment_metadata]]></wp:meta_key>
			<wp:meta_value><![CDATA[a:5:{s:5:"width";i:1920;s:6:"height";i:1200;s:4:"file";s:23:"2018/10/placeholder.jpg";s:5:"sizes";a:12:{s:9:"thumbnail";a:4:{s:4:"file";s:23:"placeholder-150x150.jpg";s:5:"width";i:150;s:6:"height";i:150;s:9:"mime-type";s:10:"image/jpeg";}s:6:"medium";a:4:{s:4:"file";s:23:"placeholder-300x188.jpg";s:5:"width";i:300;s:6:"height";i:188;s:9:"mime-type";s:10:"image/jpeg";}s:12:"medium_large";a:4:{s:4:"file";s:23:"placeholder-768x480.jpg";s:5:"width";i:768;s:6:"height";i:480;s:9:"mime-type";s:10:"image/jpeg";}s:5:"large";a:4:{s:4:"file";s:24:"placeholder-1024x640.jpg";s:5:"width";i:1024;s:6:"height";i:640;s:9:"mime-type";s:10:"image/jpeg";}s:14:"shop_thumbnail";a:4:{s:4:"file";s:23:"placeholder-180x180.jpg";s:5:"width";i:180;s:6:"height";i:180;s:9:"mime-type";s:10:"image/jpeg";}s:12:"shop_catalog";a:4:{s:4:"file";s:23:"placeholder-300x300.jpg";s:5:"width";i:300;s:6:"height";i:300;s:9:"mime-type";s:10:"image/jpeg";}s:11:"shop_single";a:4:{s:4:"file";s:23:"placeholder-600x600.jpg";s:5:"width";i:600;s:6:"height";i:600;s:9:"mime-type";s:10:"image/jpeg";}s:15:"blog-post-thumb";a:4:{s:4:"file";s:23:"placeholder-670x446.jpg";s:5:"width";i:670;s:6:"height";i:446;s:9:"mime-type";s:10:"image/jpeg";}s:24:"medicenter-gallery-image";a:4:{s:4:"file";s:23:"placeholder-600x400.jpg";s:5:"width";i:600;s:6:"height";i:400;s:9:"mime-type";s:10:"image/jpeg";}s:31:"medicenter-gallery-thumb-type-1";a:4:{s:4:"file";s:23:"placeholder-390x260.jpg";s:5:"width";i:390;s:6:"height";i:260;s:9:"mime-type";s:10:"image/jpeg";}s:31:"medicenter-gallery-thumb-type-2";a:4:{s:4:"file";s:23:"placeholder-285x190.jpg";s:5:"width";i:285;s:6:"height";i:190;s:9:"mime-type";s:10:"image/jpeg";}s:22:"medicenter-small-thumb";a:4:{s:4:"file";s:23:"placeholder-100x100.jpg";s:5:"width";i:100;s:6:"height";i:100;s:9:"mime-type";s:10:"image/jpeg";}}s:10:"image_meta";a:12:{s:8:"aperture";s:1:"0";s:6:"credit";s:0:"";s:6:"camera";s:0:"";s:7:"caption";s:0:"";s:17:"created_timestamp";s:1:"0";s:9:"copyright";s:0:"";s:12:"focal_length";s:1:"0";s:3:"iso";s:1:"0";s:13:"shutter_speed";s:1:"0";s:5:"title";s:0:"";s:11:"orientation";s:1:"0";s:8:"keywords";a:0:{}}}]]></wp:meta_value>
		</wp:postmeta>
	</item>
	<item>
		<title>Home Ophthalmologist</title>
		<link>http://quanticalabs.com/wptest/medicenter-new/</link>
		<pubDate>Fri, 07 May 2021 08:38:30 +0000</pubDate>
		<dc:creator><![CDATA[admin]]></dc:creator>
		<guid isPermaLink="false">http://quanticalabs.com/wptest/medicenter-new/?page_id=3979</guid>
		<description></description>
		<content:encoded><![CDATA[[vc_row type="full-width"][vc_column][rev_slider_vc alias="home-ophthalmologist"][/vc_column][/vc_row][vc_row type="full-width" css=".vc_custom_1615388265937{background-color: #f0f0f0 !important;}" el_class="padding-top-63 padding-bottom-63"][vc_column][vc_row_inner][vc_column_inner width="1/3"][features ids="4003" type="circle circle-small" style="light light-white" headers="1" headers_links="0" read_more="0" icon_links="0" el_class="float-left"][/vc_column_inner][vc_column_inner width="1/3"][features ids="4005" type="circle circle-small" style="light light-white" headers="1" headers_links="0" read_more="0" icon_links="0" el_class="float-left"][/vc_column_inner][vc_column_inner width="1/3"][features ids="2962" type="circle circle-small" style="light light-white" headers="1" headers_links="0" read_more="0" icon_links="0" el_class="float-left"][/vc_column_inner][/vc_row_inner][/vc_column][/vc_row][vc_row el_class="padding-top-100 padding-bottom-100"][vc_column width="1/2"][box_header title="Welcome to Medicenter" bottom_border="1" animation="0"][box_header title="Medicenter is a Modern Ophthalmic Clinic that Meets Your Highest Expectations" type="h2" bottom_border="0" class="large margin-top-30"][vc_single_image image="3854" img_size="full" el_class="page-margin-top-section"][/vc_column][vc_column width="1/2"][vc_single_image image="3859" img_size="full" el_class="side-image page-margin-top"][vc_single_image image="3859" img_size="full" alignment="right"][vc_column_text el_class="large margin-top-100"]We are a modern ophthalmology center, where the most modern equipment as well as the knowledge, experience and competences of recognized professors and experienced specialists have joined forces to provide effective help to our patients six days a week.[/vc_column_text][vc_column_text el_class="large"]When you come to us, you can be sure that your ophthalmological problem will be dealt with by a specialist who has both active experience in the diagnosis and treatment of a given disease, as well as constantly updating his knowledge.[/vc_column_text][vc_button title="FIND OUT MORE" size="large" style="light-color" href="about/" el_class="margin-top-30"][/vc_column][/vc_row][vc_row type="full-width" css=".vc_custom_1615560636479{background-color: #f0f0f0 !important;}" el_class="padding-top-100 padding-bottom-100"][vc_column][vc_row_inner][vc_column_inner width="1/3"][box_header title="From Diagnostics Through Treatments to Surgical" type="h2" bottom_border="0" class="large"][/vc_column_inner][vc_column_inner width="2/3"][vc_column_text el_class="large padding-0"]We offer a wide range of ophthalmic procedures performed in a friendly atmosphere. Our activity is based on running the hospital on a one-day basis. One-day hospitalization is a stay in a hospital, usually lasting from several dozen minutes to several hours without staying overnight.[/vc_column_text][/vc_column_inner][/vc_row_inner][vc_row_inner top_margin="page-margin-top-section"][vc_column_inner][ql_services type="icons_list" borders="0" items_per_page="-1" ids="4014,5019,5016,4012" order_by="menu_order" headers="1" headers_links="1" headers_border="0" show_excerpt="1" show_icon="1" icons_links="1"][/vc_column_inner][/vc_row_inner][vc_row_inner el_class="align-center padding-top-63 padding-bottom-13"][vc_column_inner][vc_button title="SERVICES LIST" size="large" style="dark-color" href="services/" el_class="single-button"][/vc_column_inner][/vc_row_inner][/vc_column][/vc_row][vc_row type="full-width" el_class="flex-box" css=".vc_custom_1616079441908{background-color: #ffffff !important;}"][vc_column width="1/2" css=".vc_custom_1536849658368{background-position: center !important;background-repeat: no-repeat !important;background-size: cover !important;}" el_class="padding-bottom-128 column-limited"][vc_row_inner el_class="padding-right-100"][vc_column_inner][box_header title="Save the Time" bottom_border="1" animation="0" class="margin-top-92"][box_header title="Medicenter Immediate Care Facilities Provide Quick Care and Relief" type="h2" bottom_border="0" class="large margin-top-30"][vc_column_text el_class="large margin-top-10"]No appointment needed, most patients are seen, treated and released in about 60 minutes. Certified and experienced MD physicians not nurses and on site diagnostic tests with lab.[/vc_column_text][/vc_column_inner][/vc_row_inner][vc_tabs el_class="vc_row padding-right-100 margin-top-30"][vc_tab title="BENEFITS" tab_id="benefits"][vc_column_text]When you are feeling under the weather and can not wait for an appointment with your primary care doctor, our physicians and experienced immediate care staff can help you feel better.[/vc_column_text][/vc_tab][vc_tab title="THE TREATMENT PROCESS" tab_id="the-treatment-process"][vc_column_text]No appointment needed, most patients are seen, treated and released in about 60 minutes. Certified and experienced MD physicians not nurses and on site diagnostic tests with lab.[/vc_column_text][/vc_tab][/vc_tabs][/vc_column][vc_column width="1/2" css=".vc_custom_1620379398706{background-image: url(http://quanticalabs.com/wptest/medicenter-new/files/2018/10/placeholder.jpg) !important;background-position: center !important;background-repeat: no-repeat !important;background-size: cover !important;}"][vc_single_image image="3750" img_size="large-thumb" el_class="flex-hide"][mc_icon style="circle" icon_feature="play" url="https://www.youtube.com/watch?v=AivyFZXT2ek" url_target="same_window" class="fancybox"][/vc_column][/vc_row][vc_row el_class="margin-top-92"][vc_column][box_header title="Medical Walk-in Process" type="h2" bottom_border="1" animation="0" class="large align-center"][/vc_column][/vc_row][vc_row top_margin="page-margin-top-section" el_class="flex-box"][vc_column width="1/3"][info_box title="No Appointment Needed" icon="email" animation="fadeIn" animation_duration="500" arrow="light" arrow_animation="slideRight" arrow_animation_duration="800" arrow_animation_delay="150"]An appointment is not required in order to receive care. For this reason, patients do not have to plan out when they can come in. Simply walk in and you'll be seen.[/info_box][/vc_column][vc_column width="1/3"][info_box title="Availability of Doctors" icon="time" animation="slideRight" animation_duration="800" animation_delay="600" arrow="dark" arrow_animation="slideRight" arrow_animation_duration="800" arrow_animation_delay="1050"]Urgent care physicians and nurses offer high-quality care. They are licensed and recognized as reputable members of healthcare industry.[/info_box][/vc_column][vc_column width="1/3"][info_box title="Cost Effective" icon="eye" animation="slideRight" animation_duration="800" animation_delay="1500"]The cost of seeing a physician at a medical immediate care facility will be much more affordable than seeing a physician in an emergency room.[/info_box][/vc_column][/vc_row][vc_row top_margin="page-margin-top-section-vlarge"][vc_column width="1/2" el_class="padding-right-30"][vc_single_image image="3750" img_size="medicenter-vertical-image" el_class="page-margin-top side-image"][vc_single_image image="3750" img_size="medicenter-vertical-image" alignment="right"][/vc_column][vc_column width="1/2"][box_header title="Ophthalmology Clinic" bottom_border="1" animation="0"][box_header title="Expert Knowledge and Modern Apparataus" type="h2" bottom_border="0" class="large margin-top-30"][vc_column_text el_class="large margin-top-10"]Our clinic is equipped with the most modern world diagnostic equipment that allows to detect the earliest lesions in the eye, including - the first changes in glaucoma and in macular and retinal diseases.[/vc_column_text][items_list type="simple" animation="0" additembutton="" read_more="0" class="margin-top-15"][item type="items" value="" url="" url_target="new_window" icon="tick-2" text_color="" value_color="" value_bg_color="" border_color=""]The equipment at our clinic's disposal is currently the most modern in the world lines for specialized diagnostics and eye imaging.[/item][item type="items" value="" url="" url_target="new_window" icon="tick-2" text_color="" value_color="" value_bg_color="" border_color=""]We have a digital system for analyzing the test results of each patient, which allows doctors to multi-level evaluation of the implemented treatment.[/item][item type="items" value="" url="" url_target="new_window" icon="tick-2" text_color="" value_color="" value_bg_color="" border_color=""]Our ophthalmology clinic consists of a team of several dozen experts. Among them, famous professors and experienced specialists.[/item][item type="items" value="" url="" url_target="new_window" icon="tick-2" text_color="" value_color="" value_bg_color="" border_color=""]The health of our patients is additionally supervised by several dozen experienced specialists - clinicians, members of international ophthalmic societies.[/item][/items_list][/vc_column][/vc_row][vc_row el_class="margin-top-92"][vc_column width="1/4"][features ids="4030" type="circle circle-small" style="light light-white" headers="1" headers_links="0" read_more="0" icon_links="0" el_class="align-left"][/vc_column][vc_column width="1/4"][features ids="5032" type="circle circle-small" style="light light-white" headers="1" headers_links="0" read_more="0" icon_links="0" el_class="align-left"][/vc_column][vc_column width="1/4"][features ids="4033" type="circle circle-small" style="light light-white" headers="1" headers_links="0" read_more="0" icon_links="0" el_class="align-left"][/vc_column][vc_column width="1/4"][features ids="5033" type="circle circle-small" style="light light-white" headers="1" headers_links="0" read_more="0" icon_links="0" el_class="align-left"][/vc_column][/vc_row][vc_row el_class="align-center padding-top-63 padding-bottom-13"][vc_column][vc_button title="GET TO KNOW US BETTER" size="large" style="light-color" href="about/" el_class="single-button"][/vc_column][/vc_row][vc_row type="full-width" top_margin="page-margin-top-section-vlarge" el_class="flex-box"][vc_column width="1/2" css=".vc_custom_1616083220291{background-color: #ffffff !important;background-position: 0 0 !important;background-repeat: no-repeat !important;}" el_class="padding-top-200 padding-bottom-100"][mc_testimonials controls_position="bottom" layout="sm-12" testimonials_count="3" testimonials_title0="The Medicenter clinic is full of professionalism, modern equipment, very friendly staff. Dr. Anna is a professional in her profession, a doctor really worth recommending. She listened to me and she took care of my eye problem with full commitment. I heartily recommend!" testimonials_author0="Marliu Henner" testimonials_title1="Prior to my stay at Medicenter, I was aware of their stellar reputation and multiple friends commented about how lucky I was to have my surgery scheduled there. As a result my expectations were high and yet the kind and professional staff surpassed them." testimonials_author1="John Marco" testimonials_title2="I was very pleased with my stay at Medicenter. The care that I was given by the nursing staff was as if I was one of their family members." testimonials_author2="Adam Lambda" icon="1" autoplay="0" scroll="1" duration="500" el_class="grey"][/vc_column][vc_column width="1/2" css=".vc_custom_1620380081183{background-image: url(http://quanticalabs.com/wptest/medicenter-new/files/2018/10/placeholder.jpg) !important;background-position: center !important;background-repeat: no-repeat !important;background-size: cover !important;}"][vc_single_image image="3750" img_size="large-thumb" el_class="flex-hide"][/vc_column][/vc_row][vc_row el_class="margin-top-92"][vc_column][box_header title="Price List" type="h2" bottom_border="1" animation="0" class="large align-center"][vc_column_text el_class="large margin-top-20 align-center"]When we or someone we care for is sick or needs medical attention, we want the best care possible in the
shortest amount of time. Simply walk in and you will be seen as quickly as possible[/vc_column_text][/vc_column][/vc_row][vc_row top_margin="page-margin-top"][vc_column width="1/3" css=".vc_custom_1616165805910{background-color: #f0f0f0 !important;}"][vc_single_image image="4038" img_size="full"][items_list header="Treatments" animation="1" additembutton="" read_more="0" class_header="padding-header margin-top-30" class="padding-list"][item type="items" value="$350" url="" url_target="new_window" icon="" text_color="" value_color="" value_bg_color="" border_color=""]Ophthalmological consultation[/item][item type="items" value="$275" url="" url_target="new_window" icon="" text_color="" value_color="" value_bg_color="" border_color=""]Examination qualifying for surgery[/item][item type="items" value="$175" url="" url_target="new_window" icon="" text_color="" value_color="" value_bg_color="" border_color=""]Laser vision correction[/item][item type="items" value="$25" url="" url_target="new_window" icon="" text_color="" value_color="" value_bg_color="" border_color=""]Cataract treatment[/item][item type="items" value="$50" url="" url_target="new_window" icon="" text_color="" value_color="" value_bg_color="" border_color=""]Plastic surgery of the eyelids[/item][/items_list][/vc_column][vc_column width="1/3" css=".vc_custom_1616601139790{background-color: #f0f0f0 !important;}"][vc_single_image image="4039" img_size="full"][items_list header="Treatments" animation="1" additembutton="" read_more="0" class_header="padding-header margin-top-30" class="padding-list"][item type="items" value="$500" url="" url_target="new_window" icon="" text_color="" value_color="" value_bg_color="" border_color=""]Glaucoma surgery[/item][item type="items" value="$250" url="" url_target="new_window" icon="" text_color="" value_color="" value_bg_color="" border_color=""]Vitrectomy[/item][item type="items" value="$210" url="" url_target="new_window" icon="" text_color="" value_color="" value_bg_color="" border_color=""]Removal of a foreign body[/item][item type="items" value="$200" url="" url_target="new_window" icon="" text_color="" value_color="" value_bg_color="" border_color=""]Iris surgery[/item][item type="items" value="$150" url="" url_target="new_window" icon="" text_color="" value_color="" value_bg_color="" border_color=""]Strabismus surgery[/item][/items_list][/vc_column][vc_column width="1/3" css=".vc_custom_1616601168896{background-color: #f0f0f0 !important;}"][vc_single_image image="4040" img_size="full"][items_list header="Diagnostics" animation="1" additembutton="" read_more="0" class_header="padding-header margin-top-30" class="padding-list"][item type="items" value="$350" url="" url_target="new_window" icon="" text_color="" value_color="" value_bg_color="" border_color=""]Visual field examination[/item][item type="items" value="$275" url="" url_target="new_window" icon="" text_color="" value_color="" value_bg_color="" border_color=""]Eyeball pressure test[/item][item type="items" value="$175" url="" url_target="new_window" icon="" text_color="" value_color="" value_bg_color="" border_color=""]Fundus examination[/item][item type="items" value="$25" url="" url_target="new_window" icon="" text_color="" value_color="" value_bg_color="" border_color=""]Taking a swab from the eye[/item][item type="items" value="$50" url="" url_target="new_window" icon="" text_color="" value_color="" value_bg_color="" border_color=""]Corneal topography[/item][/items_list][/vc_column][/vc_row][vc_row el_class="align-center padding-top-63 padding-bottom-13"][vc_column][vc_button title="FULL PRICING LIST" size="large" style="dark-color" href="pricing-plans/" el_class="single-button"][/vc_column][/vc_row][vc_row type="full-width" top_margin="page-margin-top-section-vlarge" el_class="flex-box" css=".vc_custom_1620391921649{background-color: #ffffff !important;}"][vc_column width="1/2" el_class="padding-bottom-100 column-limited"][vc_row_inner el_class="padding-right-100"][vc_column_inner][box_header title="Contact details" bottom_border="1" animation="0" class="margin-top-92"][box_header title="Medicenter Ophthalmic Clinic" type="h2" bottom_border="0" class="large margin-top-30"][/vc_column_inner][/vc_row_inner][vc_row_inner el_class="padding-right-100 margin-top-15"][vc_column_inner width="1/2"][vc_column_text el_class="large"]2702 Memory Lane, office 5
Chicago, IL 60605
admin@medicenter.com[/vc_column_text][/vc_column_inner][vc_column_inner width="1/2"][vc_column_text el_class="large"]Hours of Operation
Mon - Fri: 08:00 am - 05:00 pm
Sat: 09:00 am - 03:00 pm[/vc_column_text][/vc_column_inner][/vc_row_inner][vc_row_inner el_class="margin-top-20"][vc_column_inner][box_header title="In Case of Emergency Call" type="h2" bottom_border="0"][box_header title="(510) 210-5225" type="h2" bottom_border="0"][vc_column_text el_class="large margin-top-10"]To schedule an appointment, please fill out the form below.[/vc_column_text][vc_button title="MAKE AN APPOINTMENT" size="large" icon="template-arrow-horizontal-1-after" style="light-color" href="contact/" el_class="margin-top-20"][/vc_column_inner][/vc_row_inner][/vc_column][vc_column width="1/2"][medicenter_map height="695px" zoom="12" icon_width="38" icon_height="48" icon_anchor_x="18" icon_anchor_y="48"][/vc_column][/vc_row]]]></content:encoded>
		<excerpt:encoded><![CDATA[]]></excerpt:encoded>
		<wp:post_id>3979</wp:post_id>
		<wp:post_date><![CDATA[2021-05-07 08:38:30]]></wp:post_date>
		<wp:post_date_gmt><![CDATA[2021-05-07 08:38:30]]></wp:post_date_gmt>
		<wp:comment_status><![CDATA[closed]]></wp:comment_status>
		<wp:ping_status><![CDATA[closed]]></wp:ping_status>
		<wp:post_name><![CDATA[home-ophthalmologist]]></wp:post_name>
		<wp:status><![CDATA[publish]]></wp:status>
		<wp:post_parent>0</wp:post_parent>
		<wp:menu_order>0</wp:menu_order>
		<wp:post_type><![CDATA[page]]></wp:post_type>
		<wp:post_password><![CDATA[]]></wp:post_password>
		<wp:is_sticky>0</wp:is_sticky>
														<wp:postmeta>
		<wp:meta_key><![CDATA[_edit_last]]></wp:meta_key>
		<wp:meta_value><![CDATA[1]]></wp:meta_value>
		</wp:postmeta>
							<wp:postmeta>
		<wp:meta_key><![CDATA[_wp_page_template]]></wp:meta_key>
		<wp:meta_value><![CDATA[template-default-without-breadcrumbs.php]]></wp:meta_value>
		</wp:postmeta>
							<wp:postmeta>
		<wp:meta_key><![CDATA[page_sidebar_footer_top]]></wp:meta_key>
		<wp:meta_value><![CDATA[115]]></wp:meta_value>
		</wp:postmeta>
							<wp:postmeta>
		<wp:meta_key><![CDATA[page_sidebar_footer_bottom]]></wp:meta_key>
		<wp:meta_value><![CDATA[116]]></wp:meta_value>
		</wp:postmeta>
							<wp:postmeta>
		<wp:meta_key><![CDATA[medicenter_page_sidebars]]></wp:meta_key>
		<wp:meta_value><![CDATA[a:2:{i:0;s:3:"115";i:1;s:3:"116";}]]></wp:meta_value>
		</wp:postmeta>
							<wp:postmeta>
		<wp:meta_key><![CDATA[_wpb_vc_js_status]]></wp:meta_key>
		<wp:meta_value><![CDATA[true]]></wp:meta_value>
		</wp:postmeta>
							<wp:postmeta>
		<wp:meta_key><![CDATA[_wpb_post_custom_css]]></wp:meta_key>
		<wp:meta_value><![CDATA[.theme-page
{
    padding-bottom: 0;
}]]></wp:meta_value>
		</wp:postmeta>
							<wp:postmeta>
		<wp:meta_key><![CDATA[_wpb_shortcodes_custom_css]]></wp:meta_key>
		<wp:meta_value><![CDATA[.vc_custom_1615388265937{background-color: #f0f0f0 !important;}.vc_custom_1615560636479{background-color: #f0f0f0 !important;}.vc_custom_1616079441908{background-color: #ffffff !important;}.vc_custom_1620391921649{background-color: #ffffff !important;}.vc_custom_1536849658368{background-position: center !important;background-repeat: no-repeat !important;background-size: cover !important;}.vc_custom_1620379398706{background-image: url(http://quanticalabs.com/wptest/medicenter-new/files/2018/10/placeholder.jpg) !important;background-position: center !important;background-repeat: no-repeat !important;background-size: cover !important;}.vc_custom_1616083220291{background-color: #ffffff !important;background-position: 0 0 !important;background-repeat: no-repeat !important;}.vc_custom_1620380081183{background-image: url(http://quanticalabs.com/wptest/medicenter-new/files/2018/10/placeholder.jpg) !important;background-position: center !important;background-repeat: no-repeat !important;background-size: cover !important;}.vc_custom_1616165805910{background-color: #f0f0f0 !important;}.vc_custom_1616601139790{background-color: #f0f0f0 !important;}.vc_custom_1616601168896{background-color: #f0f0f0 !important;}]]></wp:meta_value>
		</wp:postmeta>
	</item>
	<item>
		<title>Clinic Address</title>
		<link>http://quanticalabs.com/wptest/medicenter-new/features/clinic-address/</link>
		<pubDate>Fri, 07 May 2021 09:04:19 +0000</pubDate>
		<dc:creator><![CDATA[admin]]></dc:creator>
		<guid isPermaLink="false">http://quanticalabs.com/wptest/medicenter-new/?post_type=features&#038;p=4003</guid>
		<description></description>
		<content:encoded><![CDATA[]]></content:encoded>
		<excerpt:encoded><![CDATA[We welcome patients at 2702 Memory Lane, office 5, Chicago, IL 60605.]]></excerpt:encoded>
		<wp:post_id>4003</wp:post_id>
		<wp:post_date><![CDATA[2021-05-07 09:04:19]]></wp:post_date>
		<wp:post_date_gmt><![CDATA[2021-05-07 09:04:19]]></wp:post_date_gmt>
		<wp:comment_status><![CDATA[open]]></wp:comment_status>
		<wp:ping_status><![CDATA[closed]]></wp:ping_status>
		<wp:post_name><![CDATA[clinic-address]]></wp:post_name>
		<wp:status><![CDATA[publish]]></wp:status>
		<wp:post_parent>0</wp:post_parent>
		<wp:menu_order>0</wp:menu_order>
		<wp:post_type><![CDATA[features]]></wp:post_type>
		<wp:post_password><![CDATA[]]></wp:post_password>
		<wp:is_sticky>0</wp:is_sticky>
														<wp:postmeta>
		<wp:meta_key><![CDATA[_wpb_vc_js_status]]></wp:meta_key>
		<wp:meta_value><![CDATA[false]]></wp:meta_value>
		</wp:postmeta>
							<wp:postmeta>
		<wp:meta_key><![CDATA[rs_page_bg_color]]></wp:meta_key>
		<wp:meta_value><![CDATA[]]></wp:meta_value>
		</wp:postmeta>
							<wp:postmeta>
		<wp:meta_key><![CDATA[icon]]></wp:meta_key>
		<wp:meta_value><![CDATA[map]]></wp:meta_value>
		</wp:postmeta>
							<wp:postmeta>
		<wp:meta_key><![CDATA[_edit_last]]></wp:meta_key>
		<wp:meta_value><![CDATA[1]]></wp:meta_value>
		</wp:postmeta>
	</item>
	<item>
		<title>Contact Details</title>
		<link>http://quanticalabs.com/wptest/medicenter-new/features/contact-details-2/</link>
		<pubDate>Fri, 07 May 2021 09:07:43 +0000</pubDate>
		<dc:creator><![CDATA[admin]]></dc:creator>
		<guid isPermaLink="false">http://quanticalabs.com/wptest/medicenter-new/?post_type=features&#038;p=4005</guid>
		<description></description>
		<content:encoded><![CDATA[]]></content:encoded>
		<excerpt:encoded><![CDATA[Call us on (510) 210-5225 or write an e-mail to contact@medicenter.com]]></excerpt:encoded>
		<wp:post_id>4005</wp:post_id>
		<wp:post_date><![CDATA[2021-05-07 09:07:43]]></wp:post_date>
		<wp:post_date_gmt><![CDATA[2021-05-07 09:07:43]]></wp:post_date_gmt>
		<wp:comment_status><![CDATA[open]]></wp:comment_status>
		<wp:ping_status><![CDATA[closed]]></wp:ping_status>
		<wp:post_name><![CDATA[contact-details-2]]></wp:post_name>
		<wp:status><![CDATA[publish]]></wp:status>
		<wp:post_parent>0</wp:post_parent>
		<wp:menu_order>0</wp:menu_order>
		<wp:post_type><![CDATA[features]]></wp:post_type>
		<wp:post_password><![CDATA[]]></wp:post_password>
		<wp:is_sticky>0</wp:is_sticky>
														<wp:postmeta>
		<wp:meta_key><![CDATA[_wpb_vc_js_status]]></wp:meta_key>
		<wp:meta_value><![CDATA[false]]></wp:meta_value>
		</wp:postmeta>
							<wp:postmeta>
		<wp:meta_key><![CDATA[rs_page_bg_color]]></wp:meta_key>
		<wp:meta_value><![CDATA[]]></wp:meta_value>
		</wp:postmeta>
							<wp:postmeta>
		<wp:meta_key><![CDATA[icon]]></wp:meta_key>
		<wp:meta_value><![CDATA[email]]></wp:meta_value>
		</wp:postmeta>
							<wp:postmeta>
		<wp:meta_key><![CDATA[_edit_last]]></wp:meta_key>
		<wp:meta_value><![CDATA[1]]></wp:meta_value>
		</wp:postmeta>
	</item>
	<item>
		<title>Business Hours</title>
		<link>http://quanticalabs.com/wptest/medicenter-new/features/business-hours/</link>
		<pubDate>Thu, 20 Oct 2016 11:42:35 +0000</pubDate>
		<dc:creator><![CDATA[admin]]></dc:creator>
		<guid isPermaLink="false">http://localhost/wordpress/medicenter-new/?post_type=features&#038;p=2962</guid>
		<description></description>
		<content:encoded><![CDATA[]]></content:encoded>
		<excerpt:encoded><![CDATA[Monday - Friday: 08.00 - 17.00
Saturday: 09.00 - 12.00]]></excerpt:encoded>
		<wp:post_id>2962</wp:post_id>
		<wp:post_date><![CDATA[2016-10-20 11:42:35]]></wp:post_date>
		<wp:post_date_gmt><![CDATA[2016-10-20 11:42:35]]></wp:post_date_gmt>
		<wp:comment_status><![CDATA[open]]></wp:comment_status>
		<wp:ping_status><![CDATA[closed]]></wp:ping_status>
		<wp:post_name><![CDATA[business-hours]]></wp:post_name>
		<wp:status><![CDATA[publish]]></wp:status>
		<wp:post_parent>0</wp:post_parent>
		<wp:menu_order>0</wp:menu_order>
		<wp:post_type><![CDATA[features]]></wp:post_type>
		<wp:post_password><![CDATA[]]></wp:post_password>
		<wp:is_sticky>0</wp:is_sticky>
		<wp:postmeta>
			<wp:meta_key><![CDATA[_edit_last]]></wp:meta_key>
			<wp:meta_value><![CDATA[1]]></wp:meta_value>
		</wp:postmeta>
		<wp:postmeta>
			<wp:meta_key><![CDATA[_wpb_vc_js_status]]></wp:meta_key>
			<wp:meta_value><![CDATA[false]]></wp:meta_value>
		</wp:postmeta>
		<wp:postmeta>
			<wp:meta_key><![CDATA[_vc_post_settings]]></wp:meta_key>
			<wp:meta_value><![CDATA[a:1:{s:10:"vc_grid_id";a:0:{}}]]></wp:meta_value>
		</wp:postmeta>
		<wp:postmeta>
			<wp:meta_key><![CDATA[icon]]></wp:meta_key>
			<wp:meta_value><![CDATA[clock]]></wp:meta_value>
		</wp:postmeta>
		<wp:postmeta>
			<wp:meta_key><![CDATA[icon_color]]></wp:meta_key>
			<wp:meta_value><![CDATA[]]></wp:meta_value>
		</wp:postmeta>
	</item>
	<item>
		<title>Expert Knowledge</title>
		<link>http://quanticalabs.com/wptest/medicenter-new/features/expert-knowledge/</link>
		<pubDate>Fri, 07 May 2021 09:28:06 +0000</pubDate>
		<dc:creator><![CDATA[admin]]></dc:creator>
		<guid isPermaLink="false">http://quanticalabs.com/wptest/medicenter-new/?post_type=features&#038;p=4030</guid>
		<description></description>
		<content:encoded><![CDATA[]]></content:encoded>
		<excerpt:encoded><![CDATA[The combination of these two allows us to offer our patients a world-class level of consultation and treatment.]]></excerpt:encoded>
		<wp:post_id>4030</wp:post_id>
		<wp:post_date><![CDATA[2021-05-07 09:28:06]]></wp:post_date>
		<wp:post_date_gmt><![CDATA[2021-05-07 09:28:06]]></wp:post_date_gmt>
		<wp:comment_status><![CDATA[open]]></wp:comment_status>
		<wp:ping_status><![CDATA[closed]]></wp:ping_status>
		<wp:post_name><![CDATA[expert-knowledge]]></wp:post_name>
		<wp:status><![CDATA[publish]]></wp:status>
		<wp:post_parent>0</wp:post_parent>
		<wp:menu_order>0</wp:menu_order>
		<wp:post_type><![CDATA[features]]></wp:post_type>
		<wp:post_password><![CDATA[]]></wp:post_password>
		<wp:is_sticky>0</wp:is_sticky>
														<wp:postmeta>
		<wp:meta_key><![CDATA[_edit_last]]></wp:meta_key>
		<wp:meta_value><![CDATA[1]]></wp:meta_value>
		</wp:postmeta>
							<wp:postmeta>
		<wp:meta_key><![CDATA[icon]]></wp:meta_key>
		<wp:meta_value><![CDATA[book]]></wp:meta_value>
		</wp:postmeta>
							<wp:postmeta>
		<wp:meta_key><![CDATA[rs_page_bg_color]]></wp:meta_key>
		<wp:meta_value><![CDATA[]]></wp:meta_value>
		</wp:postmeta>
							<wp:postmeta>
		<wp:meta_key><![CDATA[_wpb_vc_js_status]]></wp:meta_key>
		<wp:meta_value><![CDATA[false]]></wp:meta_value>
		</wp:postmeta>
	</item>
	<item>
		<title>Team of Specialists</title>
		<link>http://quanticalabs.com/wptest/medicenter-new/features/team-of-specialists/</link>
		<pubDate>Fri, 07 May 2021 09:29:47 +0000</pubDate>
		<dc:creator><![CDATA[admin]]></dc:creator>
		<guid isPermaLink="false">http://quanticalabs.com/wptest/medicenter-new/?post_type=features&#038;p=5032</guid>
		<description></description>
		<content:encoded><![CDATA[]]></content:encoded>
		<excerpt:encoded><![CDATA[Medicenter ophthalmology clinic consists of a team of several dozen experts. Among them famous professors.]]></excerpt:encoded>
		<wp:post_id>5032</wp:post_id>
		<wp:post_date><![CDATA[2021-05-07 09:29:47]]></wp:post_date>
		<wp:post_date_gmt><![CDATA[2021-05-07 09:29:47]]></wp:post_date_gmt>
		<wp:comment_status><![CDATA[open]]></wp:comment_status>
		<wp:ping_status><![CDATA[closed]]></wp:ping_status>
		<wp:post_name><![CDATA[team-of-specialists]]></wp:post_name>
		<wp:status><![CDATA[publish]]></wp:status>
		<wp:post_parent>0</wp:post_parent>
		<wp:menu_order>0</wp:menu_order>
		<wp:post_type><![CDATA[features]]></wp:post_type>
		<wp:post_password><![CDATA[]]></wp:post_password>
		<wp:is_sticky>0</wp:is_sticky>
														<wp:postmeta>
		<wp:meta_key><![CDATA[_edit_last]]></wp:meta_key>
		<wp:meta_value><![CDATA[1]]></wp:meta_value>
		</wp:postmeta>
							<wp:postmeta>
		<wp:meta_key><![CDATA[icon]]></wp:meta_key>
		<wp:meta_value><![CDATA[people]]></wp:meta_value>
		</wp:postmeta>
							<wp:postmeta>
		<wp:meta_key><![CDATA[rs_page_bg_color]]></wp:meta_key>
		<wp:meta_value><![CDATA[]]></wp:meta_value>
		</wp:postmeta>
							<wp:postmeta>
		<wp:meta_key><![CDATA[_wpb_vc_js_status]]></wp:meta_key>
		<wp:meta_value><![CDATA[false]]></wp:meta_value>
		</wp:postmeta>
	</item>
	<item>
		<title>Quick Payments</title>
		<link>http://quanticalabs.com/wptest/medicenter-new/features/quick-payments/</link>
		<pubDate>Fri, 07 May 2021 09:30:13 +0000</pubDate>
		<dc:creator><![CDATA[admin]]></dc:creator>
		<guid isPermaLink="false">http://quanticalabs.com/wptest/medicenter-new/?post_type=features&#038;p=4033</guid>
		<description></description>
		<content:encoded><![CDATA[]]></content:encoded>
		<excerpt:encoded><![CDATA[We support all payment methods, including blik. We also provide installment financing for all treatments.]]></excerpt:encoded>
		<wp:post_id>4033</wp:post_id>
		<wp:post_date><![CDATA[2021-05-07 09:30:13]]></wp:post_date>
		<wp:post_date_gmt><![CDATA[2021-05-07 09:30:13]]></wp:post_date_gmt>
		<wp:comment_status><![CDATA[open]]></wp:comment_status>
		<wp:ping_status><![CDATA[closed]]></wp:ping_status>
		<wp:post_name><![CDATA[quick-payments]]></wp:post_name>
		<wp:status><![CDATA[publish]]></wp:status>
		<wp:post_parent>0</wp:post_parent>
		<wp:menu_order>0</wp:menu_order>
		<wp:post_type><![CDATA[features]]></wp:post_type>
		<wp:post_password><![CDATA[]]></wp:post_password>
		<wp:is_sticky>0</wp:is_sticky>
														<wp:postmeta>
		<wp:meta_key><![CDATA[_edit_last]]></wp:meta_key>
		<wp:meta_value><![CDATA[1]]></wp:meta_value>
		</wp:postmeta>
							<wp:postmeta>
		<wp:meta_key><![CDATA[icon]]></wp:meta_key>
		<wp:meta_value><![CDATA[credit-card]]></wp:meta_value>
		</wp:postmeta>
							<wp:postmeta>
		<wp:meta_key><![CDATA[rs_page_bg_color]]></wp:meta_key>
		<wp:meta_value><![CDATA[]]></wp:meta_value>
		</wp:postmeta>
							<wp:postmeta>
		<wp:meta_key><![CDATA[_wpb_vc_js_status]]></wp:meta_key>
		<wp:meta_value><![CDATA[false]]></wp:meta_value>
		</wp:postmeta>
	</item>
	<item>
		<title>Discounted Recipes</title>
		<link>http://quanticalabs.com/wptest/medicenter-new/features/discounted-recipes/</link>
		<pubDate>Fri, 07 May 2021 09:32:34 +0000</pubDate>
		<dc:creator><![CDATA[admin]]></dc:creator>
		<guid isPermaLink="false">http://quanticalabs.com/wptest/medicenter-new/?post_type=features&#038;p=5033</guid>
		<description></description>
		<content:encoded><![CDATA[]]></content:encoded>
		<excerpt:encoded><![CDATA[All prescriptions issued by us are partially refunded, up to 70%. Most treatments are also reimbursed.]]></excerpt:encoded>
		<wp:post_id>5033</wp:post_id>
		<wp:post_date><![CDATA[2021-05-07 09:32:34]]></wp:post_date>
		<wp:post_date_gmt><![CDATA[2021-05-07 09:32:34]]></wp:post_date_gmt>
		<wp:comment_status><![CDATA[open]]></wp:comment_status>
		<wp:ping_status><![CDATA[closed]]></wp:ping_status>
		<wp:post_name><![CDATA[discounted-recipes]]></wp:post_name>
		<wp:status><![CDATA[publish]]></wp:status>
		<wp:post_parent>0</wp:post_parent>
		<wp:menu_order>0</wp:menu_order>
		<wp:post_type><![CDATA[features]]></wp:post_type>
		<wp:post_password><![CDATA[]]></wp:post_password>
		<wp:is_sticky>0</wp:is_sticky>
														<wp:postmeta>
		<wp:meta_key><![CDATA[_edit_last]]></wp:meta_key>
		<wp:meta_value><![CDATA[1]]></wp:meta_value>
		</wp:postmeta>
							<wp:postmeta>
		<wp:meta_key><![CDATA[icon]]></wp:meta_key>
		<wp:meta_value><![CDATA[medical-document]]></wp:meta_value>
		</wp:postmeta>
							<wp:postmeta>
		<wp:meta_key><![CDATA[rs_page_bg_color]]></wp:meta_key>
		<wp:meta_value><![CDATA[]]></wp:meta_value>
		</wp:postmeta>
							<wp:postmeta>
		<wp:meta_key><![CDATA[_wpb_vc_js_status]]></wp:meta_key>
		<wp:meta_value><![CDATA[false]]></wp:meta_value>
		</wp:postmeta>
	</item>
	<item>
		<title>PREVENTIVE CARE</title>
		<link>http://quanticalabs.com/wptest/medicenter-new/services/preventive-care/</link>
		<pubDate>Fri, 07 May 2021 09:14:21 +0000</pubDate>
		<dc:creator><![CDATA[admin]]></dc:creator>
		<guid isPermaLink="false">http://quanticalabs.com/wptest/medicenter-new/?post_type=ql_services&#038;p=4012</guid>
		<description></description>
		<content:encoded><![CDATA[[vc_row][vc_column width="1/3"][service_box headers="1" headers_links="0" show_excerpt="1" show_featured_image="1" featured_image_links="0"][/vc_column][vc_column width="2/3" el_class="padding-left-30"][box_header title="Simply walk in" bottom_border="1" animation="0"][box_header title="Effective and affordable treatment
for non-life threatening illnesses" type="h2" bottom_border="0" class="large margin-top-30"][vc_column_text el_class="large margin-top-10"]When you need treatment for minor injuries and illnesses, but the doctor is not available, Medicenter immediate care services have you covered. Our immediate care locations combine easy-to-access services with our well-known standards for delivering the best care.[/vc_column_text][items_list type="simple" animation="0" additembutton="" read_more="0"][item type="items" value="" url="" url_target="new_window" icon="tick-2" text_color="" value_color="" value_bg_color="" border_color=""]Medicenter is a people centered environment - which means you are at the center of everything we do and every decision we make.[/item][item type="items" value="" url="" url_target="new_window" icon="tick-2" text_color="" value_color="" value_bg_color="" border_color=""]We are your partner for health, helping your live well by bringing the best in medicine and healthcare to your door.[/item][item type="items" value="" url="" url_target="new_window" icon="tick-2" text_color="" value_color="" value_bg_color="" border_color=""]We provide fast, effective and affordable immediate care for non-life threatening illnesses. Most patients are seen, treated and released in about 60 minutes.[/item][/items_list][/vc_column][/vc_row][vc_row type="full-width" top_margin="page-margin-top-section" el_class="flex-box" css=".vc_custom_1539766293556{background-color: #ffffff !important;}"][vc_column width="1/2" css=".vc_custom_1536849658368{background-position: center !important;background-repeat: no-repeat !important;background-size: cover !important;}" el_class="padding-bottom-128 column-limited"][vc_row_inner el_class="padding-right-100"][vc_column_inner][box_header title="Learn why is it worth it" bottom_border="1" animation="0" class="margin-top-92"][box_header title="Medicenter Immediate Care Facilities Provide Quick Care and Relief" type="h2" bottom_border="0" class="large margin-top-30"][vc_column_text el_class="large margin-top-10"]No appointment needed, most patients are seen, treated and released in about 60 minutes. Certified and experienced MD physicians not nurses and on site diagnostic tests with lab.[/vc_column_text][/vc_column_inner][/vc_row_inner][vc_tabs el_class="vc_row margin-top-30 padding-right-100"][vc_tab title="BENEFITS" tab_id="benefits"][vc_column_text]When you are feeling under the weather and can not wait for an appointment with your primary care doctor, our physicians and experienced immediate care staff can help you feel better.[/vc_column_text][/vc_tab][vc_tab title="THE TREATMENT PROCESS" tab_id="the-treatment-process"][vc_column_text]No appointment needed, most patients are seen, treated and released in about 60 minutes. Certified and experienced MD physicians not nurses and on site diagnostic tests with lab.[/vc_column_text][/vc_tab][/vc_tabs][/vc_column][vc_column width="1/2" css=".vc_custom_1540996492705{background-image: url(http://quanticalabs.com/wptest/medicenter-new/files/2018/10/placeholder.jpg) !important;background-position: center !important;background-repeat: no-repeat !important;background-size: cover !important;}"][vc_single_image image="3750" img_size="large-thumb" el_class="flex-hide"][mc_icon style="hexagon" icon_feature="play" url="http://www.youtube.com/watch?v=AivyFZXT2ek" url_target="same_window" class="fancybox"][/vc_column][/vc_row][vc_row el_class="padding-top-89"][vc_column][box_header title="Service Overview" type="h2" bottom_border="1" animation="0" class="large align-center"][vc_column_text el_class="large align-center margin-top-20"]When we or someone we care for is sick or needs medical attention, we want the best care possible in the
shortest amount of time. Simply walk in and you will be seen as quickly as possible.[/vc_column_text][/vc_column][/vc_row][vc_row top_margin="page-margin-top-section"][vc_column width="2/3"][vc_row_inner][vc_column_inner width="1/2"][vc_single_image image="3750" img_size="medium-thumb" onclick="link_image"][/vc_column_inner][vc_column_inner width="1/2"][vc_single_image image="3750" img_size="medium-thumb" onclick="link_image"][/vc_column_inner][/vc_row_inner][vc_column_text el_class="large margin-top-20"]Since its founding we become an integral part of the city, advancing our mission of providing access to compassionate care to our communities. Today patients find care that combines world-class medicine with compassion.[/vc_column_text][vc_column_text]Since its founding we become an integral part of the city, advancing our mission of providing access to compassionate care to our communities. Today patients find care that combines world-class medicine with compassion. Since its founding we become an integral part of the city, advancing our mission of providing access to compassionate care.[/vc_column_text][vc_tabs el_class="margin-top-30"][vc_tab title="SERVICES" tab_id="services"][vc_row_inner top_margin="page-margin-top"][vc_column_inner width="1/2"][features ids="963,965" type="small" headers="1" headers_links="1" read_more="0" icon_links="1"][/vc_column_inner][vc_column_inner width="1/2"][features ids="883,966" type="small" headers="1" headers_links="1" read_more="0" icon_links="1"][/vc_column_inner][/vc_row_inner][/vc_tab][vc_tab title="TREATMENTS" tab_id="treatments"][vc_row_inner top_margin="page-margin-top"][vc_column_inner width="1/2"][features ids="206,966" type="small" headers="1" headers_links="1" read_more="0" icon_links="1"][/vc_column_inner][vc_column_inner width="1/2"][features ids="210,925" type="small" headers="1" headers_links="1" read_more="0" icon_links="1"][/vc_column_inner][/vc_row_inner][/vc_tab][/vc_tabs][/vc_column][vc_column width="1/3" css=".vc_custom_1539768616510{background-color: #f0f0f0 !important;}" el_class="padding-40"][box_header title="Price List of Treatments" bottom_border="1" animation="0"][items_list animation="0" additembutton="" read_more="0" class="margin-top-30"][item type="items" value="$350"]Colonoscopy[/item][item type="items" value="$275"]Gastroscopy[/item][item type="items" value="$175"]Allergy Testing[/item][item type="items" value="$25"]CT Scan[/item][item type="items" value="$50"]Bronchoscopy[/item][item type="items" value="$500"]Colonoscopy[/item][/items_list][box_header title="Prepaid Treatments" bottom_border="1" animation="0" top_margin="page-margin-top"][items_list animation="0" additembutton="" read_more="0" class="margin-top-30"][item type="items" value="$350"]Colonoscopy[/item][item type="items" value="$275"]Gastroscopy[/item][item type="items" value="$175"]Allergy Testing[/item][item type="items" value="$25"]CT Scan[/item][/items_list][/vc_column][/vc_row][vc_row type="full-width mc-parallax mc-overlay" top_margin="page-margin-top-section" css=".vc_custom_1541000527054{background-image: url(http://quanticalabs.com/wptest/medicenter-new/files/2018/10/placeholder.jpg) !important;background-position: center !important;background-repeat: no-repeat !important;background-size: cover !important;}" el_class="padding-top-89 padding-bottom-100"][vc_column][box_header title="Medical Walk-in Process" type="h2" bottom_border="1" animation="0" class="white align-center large"][vc_row_inner top_margin="page-margin-top-section" el_class="flex-box"][vc_column_inner width="1/3"][info_box title="No Appointment Needed" icon="medical-bed" animation="fadeIn" animation_duration="500" arrow="light" arrow_animation="slideRight" arrow_animation_duration="800" arrow_animation_delay="150"]An appointment is not required in order to receive care. For this reason, patients do not have to plan out when they can come in. Simply walk in and you'll be seen.[/info_box][/vc_column_inner][vc_column_inner width="1/3"][info_box title="Licensed Professionals" icon="dna" animation="slideRight" animation_duration="800" animation_delay="600" arrow="dark" arrow_animation="slideRight" arrow_animation_duration="800" arrow_animation_delay="1050"]Urgent care physicians and nurses offer high-quality care. They are licensed and recognized as reputable members of the healthcare industry.[/info_box][/vc_column_inner][vc_column_inner width="1/3"][info_box title="Cost Effective" icon="people" animation="slideRight" animation_duration="800" animation_delay="1500"]The cost of seeing a physician at a medical immediate care facility will be much more affordable than seeing a physician in an emergency room.[/info_box][/vc_column_inner][/vc_row_inner][/vc_column][/vc_row][vc_row top_margin="page-margin-top-section"][vc_column][box_header title="Please call (510) 210-5225" type="h2" bottom_border="1" animation="0" class="large align-center"][vc_column_text el_class="large align-center margin-top-20"]Or contact us via email form below[/vc_column_text][medicenter_contact_form header="" animation="0" department_select_box="0" submit_label="SEND MESSAGE" display_first_name="1" first_name_required="1" display_last_name="1" last_name_required="1" display_date="0" display_security_number="0" display_phone="1" phone_label="YOUR PHONE (OPTIONAL)" phone_required="0" display_email="1" email_label="YOUR E-MAIL" email_required="1" display_message="1" message_label="YOUR MESSAGE" message_required="1" terms_checkbox="0" top_margin="page-margin-top"][/vc_column][/vc_row][vc_row type="full-width" top_margin="page-margin-top-section" css=".vc_custom_1539781219318{border-top-width: 1px !important;border-top-color: #e5e5e5 !important;border-top-style: solid !important;}"][vc_column][vc_row_inner top_margin="page-margin-top-section"][vc_column_inner][box_header title="Other Services" type="h2" bottom_border="1" animation="0" class="large align-center"][vc_column_text el_class="large align-center margin-top-20"]Since its founding Medicenter has been providing its patients with full medical care, encompassing
outpatients services, laboratory and imaging diagnostics, dentistry, dentistry and immediate care.[/vc_column_text][ql_services items_per_page="3" ids="4014,5019,4012" spacing="0" order_by="date" headers="1" headers_links="1" headers_border="0" show_excerpt="1" show_featured_image="1" featured_image_links="1" top_margin="page-margin-top"][/vc_column_inner][/vc_row_inner][/vc_column][/vc_row]]]></content:encoded>
		<excerpt:encoded><![CDATA[Specialist consultations, optometry and vision therapy, selection of lenses and glasses, children's ophthalmology.]]></excerpt:encoded>
		<wp:post_id>4012</wp:post_id>
		<wp:post_date><![CDATA[2021-05-07 09:14:21]]></wp:post_date>
		<wp:post_date_gmt><![CDATA[2021-05-07 09:14:21]]></wp:post_date_gmt>
		<wp:comment_status><![CDATA[closed]]></wp:comment_status>
		<wp:ping_status><![CDATA[closed]]></wp:ping_status>
		<wp:post_name><![CDATA[preventive-care]]></wp:post_name>
		<wp:status><![CDATA[publish]]></wp:status>
		<wp:post_parent>0</wp:post_parent>
		<wp:menu_order>0</wp:menu_order>
		<wp:post_type><![CDATA[ql_services]]></wp:post_type>
		<wp:post_password><![CDATA[]]></wp:post_password>
		<wp:is_sticky>0</wp:is_sticky>
														<wp:postmeta>
		<wp:meta_key><![CDATA[_edit_last]]></wp:meta_key>
		<wp:meta_value><![CDATA[1]]></wp:meta_value>
		</wp:postmeta>
							<wp:postmeta>
		<wp:meta_key><![CDATA[rs_page_bg_color]]></wp:meta_key>
		<wp:meta_value><![CDATA[]]></wp:meta_value>
		</wp:postmeta>
							<wp:postmeta>
		<wp:meta_key><![CDATA[icon]]></wp:meta_key>
		<wp:meta_value><![CDATA[features-list]]></wp:meta_value>
		</wp:postmeta>
							<wp:postmeta>
		<wp:meta_key><![CDATA[ql_services_custom_url]]></wp:meta_key>
		<wp:meta_value><![CDATA[]]></wp:meta_value>
		</wp:postmeta>
							<wp:postmeta>
		<wp:meta_key><![CDATA[_wpb_vc_js_status]]></wp:meta_key>
		<wp:meta_value><![CDATA[true]]></wp:meta_value>
		</wp:postmeta>
							<wp:postmeta>
		<wp:meta_key><![CDATA[_wpb_shortcodes_custom_css]]></wp:meta_key>
		<wp:meta_value><![CDATA[.vc_custom_1539766293556{background-color: #ffffff !important;}.vc_custom_1541000527054{background-image: url(http://quanticalabs.com/wptest/medicenter-new/files/2018/10/placeholder.jpg) !important;background-position: center !important;background-repeat: no-repeat !important;background-size: cover !important;}.vc_custom_1539781219318{border-top-width: 1px !important;border-top-color: #e5e5e5 !important;border-top-style: solid !important;}.vc_custom_1536849658368{background-position: center !important;background-repeat: no-repeat !important;background-size: cover !important;}.vc_custom_1540996492705{background-image: url(http://quanticalabs.com/wptest/medicenter-new/files/2018/10/placeholder.jpg) !important;background-position: center !important;background-repeat: no-repeat !important;background-size: cover !important;}.vc_custom_1539768616510{background-color: #f0f0f0 !important;}]]></wp:meta_value>
		</wp:postmeta>
							<wp:postmeta>
		<wp:meta_key><![CDATA[_thumbnail_id]]></wp:meta_key>
		<wp:meta_value><![CDATA[3750]]></wp:meta_value>
		</wp:postmeta>
	</item>
	<item>
		<title>DIAGNOSTICS TESTS</title>
		<link>http://quanticalabs.com/wptest/medicenter-new/services/diagnostics-tests/</link>
		<pubDate>Fri, 07 May 2021 09:16:29 +0000</pubDate>
		<dc:creator><![CDATA[admin]]></dc:creator>
		<guid isPermaLink="false">http://quanticalabs.com/wptest/medicenter-new/?post_type=ql_services&#038;p=4014</guid>
		<description></description>
		<content:encoded><![CDATA[[vc_row][vc_column width="1/3"][service_box headers="1" headers_links="0" show_excerpt="1" show_featured_image="1" featured_image_links="0"][/vc_column][vc_column width="2/3" el_class="padding-left-30"][box_header title="Simply walk in" bottom_border="1" animation="0"][box_header title="Effective and affordable treatment
for non-life threatening illnesses" type="h2" bottom_border="0" class="large margin-top-30"][vc_column_text el_class="large margin-top-10"]When you need treatment for minor injuries and illnesses, but the doctor is not available, Medicenter immediate care services have you covered. Our immediate care locations combine easy-to-access services with our well-known standards for delivering the best care.[/vc_column_text][items_list type="simple" animation="0" additembutton="" read_more="0"][item type="items" value="" url="" url_target="new_window" icon="tick-2" text_color="" value_color="" value_bg_color="" border_color=""]Medicenter is a people centered environment - which means you are at the center of everything we do and every decision we make.[/item][item type="items" value="" url="" url_target="new_window" icon="tick-2" text_color="" value_color="" value_bg_color="" border_color=""]We are your partner for health, helping your live well by bringing the best in medicine and healthcare to your door.[/item][item type="items" value="" url="" url_target="new_window" icon="tick-2" text_color="" value_color="" value_bg_color="" border_color=""]We provide fast, effective and affordable immediate care for non-life threatening illnesses. Most patients are seen, treated and released in about 60 minutes.[/item][/items_list][/vc_column][/vc_row][vc_row type="full-width" top_margin="page-margin-top-section" el_class="flex-box" css=".vc_custom_1539766293556{background-color: #ffffff !important;}"][vc_column width="1/2" css=".vc_custom_1536849658368{background-position: center !important;background-repeat: no-repeat !important;background-size: cover !important;}" el_class="padding-bottom-128 column-limited"][vc_row_inner el_class="padding-right-100"][vc_column_inner][box_header title="Learn why is it worth it" bottom_border="1" animation="0" class="margin-top-92"][box_header title="Medicenter Immediate Care Facilities Provide Quick Care and Relief" type="h2" bottom_border="0" class="large margin-top-30"][vc_column_text el_class="large margin-top-10"]No appointment needed, most patients are seen, treated and released in about 60 minutes. Certified and experienced MD physicians not nurses and on site diagnostic tests with lab.[/vc_column_text][/vc_column_inner][/vc_row_inner][vc_tabs el_class="vc_row margin-top-30 padding-right-100"][vc_tab title="BENEFITS" tab_id="benefits"][vc_column_text]When you are feeling under the weather and can not wait for an appointment with your primary care doctor, our physicians and experienced immediate care staff can help you feel better.[/vc_column_text][/vc_tab][vc_tab title="THE TREATMENT PROCESS" tab_id="the-treatment-process"][vc_column_text]No appointment needed, most patients are seen, treated and released in about 60 minutes. Certified and experienced MD physicians not nurses and on site diagnostic tests with lab.[/vc_column_text][/vc_tab][/vc_tabs][/vc_column][vc_column width="1/2" css=".vc_custom_1540996492705{background-image: url(http://quanticalabs.com/wptest/medicenter-new/files/2018/10/placeholder.jpg) !important;background-position: center !important;background-repeat: no-repeat !important;background-size: cover !important;}"][vc_single_image image="3750" img_size="large-thumb" el_class="flex-hide"][mc_icon style="hexagon" icon_feature="play" url="http://www.youtube.com/watch?v=AivyFZXT2ek" url_target="same_window" class="fancybox"][/vc_column][/vc_row][vc_row el_class="padding-top-89"][vc_column][box_header title="Service Overview" type="h2" bottom_border="1" animation="0" class="large align-center"][vc_column_text el_class="large align-center margin-top-20"]When we or someone we care for is sick or needs medical attention, we want the best care possible in the
shortest amount of time. Simply walk in and you will be seen as quickly as possible.[/vc_column_text][/vc_column][/vc_row][vc_row top_margin="page-margin-top-section"][vc_column width="2/3"][vc_row_inner][vc_column_inner width="1/2"][vc_single_image image="3750" img_size="medium-thumb" onclick="link_image"][/vc_column_inner][vc_column_inner width="1/2"][vc_single_image image="3750" img_size="medium-thumb" onclick="link_image"][/vc_column_inner][/vc_row_inner][vc_column_text el_class="large margin-top-20"]Since its founding we become an integral part of the city, advancing our mission of providing access to compassionate care to our communities. Today patients find care that combines world-class medicine with compassion.[/vc_column_text][vc_column_text]Since its founding we become an integral part of the city, advancing our mission of providing access to compassionate care to our communities. Today patients find care that combines world-class medicine with compassion. Since its founding we become an integral part of the city, advancing our mission of providing access to compassionate care.[/vc_column_text][vc_tabs el_class="margin-top-30"][vc_tab title="SERVICES" tab_id="services"][vc_row_inner top_margin="page-margin-top"][vc_column_inner width="1/2"][features ids="963,965" type="small" headers="1" headers_links="1" read_more="0" icon_links="1"][/vc_column_inner][vc_column_inner width="1/2"][features ids="883,966" type="small" headers="1" headers_links="1" read_more="0" icon_links="1"][/vc_column_inner][/vc_row_inner][/vc_tab][vc_tab title="TREATMENTS" tab_id="treatments"][vc_row_inner top_margin="page-margin-top"][vc_column_inner width="1/2"][features ids="206,966" type="small" headers="1" headers_links="1" read_more="0" icon_links="1"][/vc_column_inner][vc_column_inner width="1/2"][features ids="210,925" type="small" headers="1" headers_links="1" read_more="0" icon_links="1"][/vc_column_inner][/vc_row_inner][/vc_tab][/vc_tabs][/vc_column][vc_column width="1/3" css=".vc_custom_1539768616510{background-color: #f0f0f0 !important;}" el_class="padding-40"][box_header title="Price List of Treatments" bottom_border="1" animation="0"][items_list animation="0" additembutton="" read_more="0" class="margin-top-30"][item type="items" value="$350"]Colonoscopy[/item][item type="items" value="$275"]Gastroscopy[/item][item type="items" value="$175"]Allergy Testing[/item][item type="items" value="$25"]CT Scan[/item][item type="items" value="$50"]Bronchoscopy[/item][item type="items" value="$500"]Colonoscopy[/item][/items_list][box_header title="Prepaid Treatments" bottom_border="1" animation="0" top_margin="page-margin-top"][items_list animation="0" additembutton="" read_more="0" class="margin-top-30"][item type="items" value="$350"]Colonoscopy[/item][item type="items" value="$275"]Gastroscopy[/item][item type="items" value="$175"]Allergy Testing[/item][item type="items" value="$25"]CT Scan[/item][/items_list][/vc_column][/vc_row][vc_row type="full-width mc-parallax mc-overlay" top_margin="page-margin-top-section" css=".vc_custom_1541000527054{background-image: url(http://quanticalabs.com/wptest/medicenter-new/files/2018/10/placeholder.jpg) !important;background-position: center !important;background-repeat: no-repeat !important;background-size: cover !important;}" el_class="padding-top-89 padding-bottom-100"][vc_column][box_header title="Medical Walk-in Process" type="h2" bottom_border="1" animation="0" class="white align-center large"][vc_row_inner top_margin="page-margin-top-section" el_class="flex-box"][vc_column_inner width="1/3"][info_box title="No Appointment Needed" icon="medical-bed" animation="fadeIn" animation_duration="500" arrow="light" arrow_animation="slideRight" arrow_animation_duration="800" arrow_animation_delay="150"]An appointment is not required in order to receive care. For this reason, patients do not have to plan out when they can come in. Simply walk in and you'll be seen.[/info_box][/vc_column_inner][vc_column_inner width="1/3"][info_box title="Licensed Professionals" icon="dna" animation="slideRight" animation_duration="800" animation_delay="600" arrow="dark" arrow_animation="slideRight" arrow_animation_duration="800" arrow_animation_delay="1050"]Urgent care physicians and nurses offer high-quality care. They are licensed and recognized as reputable members of the healthcare industry.[/info_box][/vc_column_inner][vc_column_inner width="1/3"][info_box title="Cost Effective" icon="people" animation="slideRight" animation_duration="800" animation_delay="1500"]The cost of seeing a physician at a medical immediate care facility will be much more affordable than seeing a physician in an emergency room.[/info_box][/vc_column_inner][/vc_row_inner][/vc_column][/vc_row][vc_row top_margin="page-margin-top-section"][vc_column][box_header title="Please call (510) 210-5225" type="h2" bottom_border="1" animation="0" class="large align-center"][vc_column_text el_class="large align-center margin-top-20"]Or contact us via email form below[/vc_column_text][medicenter_contact_form header="" animation="0" department_select_box="0" submit_label="SEND MESSAGE" display_first_name="1" first_name_required="1" display_last_name="1" last_name_required="1" display_date="0" display_security_number="0" display_phone="1" phone_label="YOUR PHONE (OPTIONAL)" phone_required="0" display_email="1" email_label="YOUR E-MAIL" email_required="1" display_message="1" message_label="YOUR MESSAGE" message_required="1" terms_checkbox="0" top_margin="page-margin-top"][/vc_column][/vc_row][vc_row type="full-width" top_margin="page-margin-top-section" css=".vc_custom_1539781219318{border-top-width: 1px !important;border-top-color: #e5e5e5 !important;border-top-style: solid !important;}"][vc_column][vc_row_inner top_margin="page-margin-top-section"][vc_column_inner][box_header title="Other Services" type="h2" bottom_border="1" animation="0" class="large align-center"][vc_column_text el_class="large align-center margin-top-20"]Since its founding Medicenter has been providing its patients with full medical care, encompassing
outpatients services, laboratory and imaging diagnostics, dentistry, dentistry and immediate care.[/vc_column_text][ql_services items_per_page="3" ids="4014,5019,4012" spacing="0" order_by="date" headers="1" headers_links="1" headers_border="0" show_excerpt="1" show_featured_image="1" featured_image_links="1" top_margin="page-margin-top"][/vc_column_inner][/vc_row_inner][/vc_column][/vc_row]]]></content:encoded>
		<excerpt:encoded><![CDATA[Visual acuity test, intraocular pressure measurement, corneal thickness measurement, eye fundus examination.]]></excerpt:encoded>
		<wp:post_id>4014</wp:post_id>
		<wp:post_date><![CDATA[2021-05-07 09:16:29]]></wp:post_date>
		<wp:post_date_gmt><![CDATA[2021-05-07 09:16:29]]></wp:post_date_gmt>
		<wp:comment_status><![CDATA[closed]]></wp:comment_status>
		<wp:ping_status><![CDATA[closed]]></wp:ping_status>
		<wp:post_name><![CDATA[diagnostics-tests]]></wp:post_name>
		<wp:status><![CDATA[publish]]></wp:status>
		<wp:post_parent>0</wp:post_parent>
		<wp:menu_order>0</wp:menu_order>
		<wp:post_type><![CDATA[ql_services]]></wp:post_type>
		<wp:post_password><![CDATA[]]></wp:post_password>
		<wp:is_sticky>0</wp:is_sticky>
														<wp:postmeta>
		<wp:meta_key><![CDATA[_edit_last]]></wp:meta_key>
		<wp:meta_value><![CDATA[1]]></wp:meta_value>
		</wp:postmeta>
							<wp:postmeta>
		<wp:meta_key><![CDATA[rs_page_bg_color]]></wp:meta_key>
		<wp:meta_value><![CDATA[]]></wp:meta_value>
		</wp:postmeta>
							<wp:postmeta>
		<wp:meta_key><![CDATA[icon]]></wp:meta_key>
		<wp:meta_value><![CDATA[features-glasses]]></wp:meta_value>
		</wp:postmeta>
							<wp:postmeta>
		<wp:meta_key><![CDATA[ql_services_custom_url]]></wp:meta_key>
		<wp:meta_value><![CDATA[]]></wp:meta_value>
		</wp:postmeta>
							<wp:postmeta>
		<wp:meta_key><![CDATA[_wpb_vc_js_status]]></wp:meta_key>
		<wp:meta_value><![CDATA[true]]></wp:meta_value>
		</wp:postmeta>
							<wp:postmeta>
		<wp:meta_key><![CDATA[_thumbnail_id]]></wp:meta_key>
		<wp:meta_value><![CDATA[3750]]></wp:meta_value>
		</wp:postmeta>
							<wp:postmeta>
		<wp:meta_key><![CDATA[_wpb_shortcodes_custom_css]]></wp:meta_key>
		<wp:meta_value><![CDATA[.vc_custom_1539766293556{background-color: #ffffff !important;}.vc_custom_1541000527054{background-image: url(http://quanticalabs.com/wptest/medicenter-new/files/2018/10/placeholder.jpg) !important;background-position: center !important;background-repeat: no-repeat !important;background-size: cover !important;}.vc_custom_1539781219318{border-top-width: 1px !important;border-top-color: #e5e5e5 !important;border-top-style: solid !important;}.vc_custom_1536849658368{background-position: center !important;background-repeat: no-repeat !important;background-size: cover !important;}.vc_custom_1540996492705{background-image: url(http://quanticalabs.com/wptest/medicenter-new/files/2018/10/placeholder.jpg) !important;background-position: center !important;background-repeat: no-repeat !important;background-size: cover !important;}.vc_custom_1539768616510{background-color: #f0f0f0 !important;}]]></wp:meta_value>
		</wp:postmeta>
	</item>
	<item>
		<title>OPHTHALMIC TREATMENTS</title>
		<link>http://quanticalabs.com/wptest/medicenter-new/services/ophthalmic-treatments/</link>
		<pubDate>Fri, 07 May 2021 09:18:24 +0000</pubDate>
		<dc:creator><![CDATA[admin]]></dc:creator>
		<guid isPermaLink="false">http://quanticalabs.com/wptest/medicenter-new/?post_type=ql_services&#038;p=5016</guid>
		<description></description>
		<content:encoded><![CDATA[[vc_row][vc_column width="1/3"][service_box headers="1" headers_links="0" show_excerpt="1" show_featured_image="1" featured_image_links="0"][/vc_column][vc_column width="2/3" el_class="padding-left-30"][box_header title="Simply walk in" bottom_border="1" animation="0"][box_header title="Effective and affordable treatment
for non-life threatening illnesses" type="h2" bottom_border="0" class="large margin-top-30"][vc_column_text el_class="large margin-top-10"]When you need treatment for minor injuries and illnesses, but the doctor is not available, Medicenter immediate care services have you covered. Our immediate care locations combine easy-to-access services with our well-known standards for delivering the best care.[/vc_column_text][items_list type="simple" animation="0" additembutton="" read_more="0"][item type="items" value="" url="" url_target="new_window" icon="tick-2" text_color="" value_color="" value_bg_color="" border_color=""]Medicenter is a people centered environment - which means you are at the center of everything we do and every decision we make.[/item][item type="items" value="" url="" url_target="new_window" icon="tick-2" text_color="" value_color="" value_bg_color="" border_color=""]We are your partner for health, helping your live well by bringing the best in medicine and healthcare to your door.[/item][item type="items" value="" url="" url_target="new_window" icon="tick-2" text_color="" value_color="" value_bg_color="" border_color=""]We provide fast, effective and affordable immediate care for non-life threatening illnesses. Most patients are seen, treated and released in about 60 minutes.[/item][/items_list][/vc_column][/vc_row][vc_row type="full-width" top_margin="page-margin-top-section" el_class="flex-box" css=".vc_custom_1539766293556{background-color: #ffffff !important;}"][vc_column width="1/2" css=".vc_custom_1536849658368{background-position: center !important;background-repeat: no-repeat !important;background-size: cover !important;}" el_class="padding-bottom-128 column-limited"][vc_row_inner el_class="padding-right-100"][vc_column_inner][box_header title="Learn why is it worth it" bottom_border="1" animation="0" class="margin-top-92"][box_header title="Medicenter Immediate Care Facilities Provide Quick Care and Relief" type="h2" bottom_border="0" class="large margin-top-30"][vc_column_text el_class="large margin-top-10"]No appointment needed, most patients are seen, treated and released in about 60 minutes. Certified and experienced MD physicians not nurses and on site diagnostic tests with lab.[/vc_column_text][/vc_column_inner][/vc_row_inner][vc_tabs el_class="vc_row margin-top-30 padding-right-100"][vc_tab title="BENEFITS" tab_id="benefits"][vc_column_text]When you are feeling under the weather and can not wait for an appointment with your primary care doctor, our physicians and experienced immediate care staff can help you feel better.[/vc_column_text][/vc_tab][vc_tab title="THE TREATMENT PROCESS" tab_id="the-treatment-process"][vc_column_text]No appointment needed, most patients are seen, treated and released in about 60 minutes. Certified and experienced MD physicians not nurses and on site diagnostic tests with lab.[/vc_column_text][/vc_tab][/vc_tabs][/vc_column][vc_column width="1/2" css=".vc_custom_1540996492705{background-image: url(http://quanticalabs.com/wptest/medicenter-new/files/2018/10/placeholder.jpg) !important;background-position: center !important;background-repeat: no-repeat !important;background-size: cover !important;}"][vc_single_image image="3750" img_size="large-thumb" el_class="flex-hide"][mc_icon style="hexagon" icon_feature="play" url="http://www.youtube.com/watch?v=AivyFZXT2ek" url_target="same_window" class="fancybox"][/vc_column][/vc_row][vc_row el_class="padding-top-89"][vc_column][box_header title="Service Overview" type="h2" bottom_border="1" animation="0" class="large align-center"][vc_column_text el_class="large align-center margin-top-20"]When we or someone we care for is sick or needs medical attention, we want the best care possible in the
shortest amount of time. Simply walk in and you will be seen as quickly as possible.[/vc_column_text][/vc_column][/vc_row][vc_row top_margin="page-margin-top-section"][vc_column width="2/3"][vc_row_inner][vc_column_inner width="1/2"][vc_single_image image="3750" img_size="medium-thumb" onclick="link_image"][/vc_column_inner][vc_column_inner width="1/2"][vc_single_image image="3750" img_size="medium-thumb" onclick="link_image"][/vc_column_inner][/vc_row_inner][vc_column_text el_class="large margin-top-20"]Since its founding we become an integral part of the city, advancing our mission of providing access to compassionate care to our communities. Today patients find care that combines world-class medicine with compassion.[/vc_column_text][vc_column_text]Since its founding we become an integral part of the city, advancing our mission of providing access to compassionate care to our communities. Today patients find care that combines world-class medicine with compassion. Since its founding we become an integral part of the city, advancing our mission of providing access to compassionate care.[/vc_column_text][vc_tabs el_class="margin-top-30"][vc_tab title="SERVICES" tab_id="services"][vc_row_inner top_margin="page-margin-top"][vc_column_inner width="1/2"][features ids="963,965" type="small" headers="1" headers_links="1" read_more="0" icon_links="1"][/vc_column_inner][vc_column_inner width="1/2"][features ids="883,966" type="small" headers="1" headers_links="1" read_more="0" icon_links="1"][/vc_column_inner][/vc_row_inner][/vc_tab][vc_tab title="TREATMENTS" tab_id="treatments"][vc_row_inner top_margin="page-margin-top"][vc_column_inner width="1/2"][features ids="206,966" type="small" headers="1" headers_links="1" read_more="0" icon_links="1"][/vc_column_inner][vc_column_inner width="1/2"][features ids="210,925" type="small" headers="1" headers_links="1" read_more="0" icon_links="1"][/vc_column_inner][/vc_row_inner][/vc_tab][/vc_tabs][/vc_column][vc_column width="1/3" css=".vc_custom_1539768616510{background-color: #f0f0f0 !important;}" el_class="padding-40"][box_header title="Price List of Treatments" bottom_border="1" animation="0"][items_list animation="0" additembutton="" read_more="0" class="margin-top-30"][item type="items" value="$350"]Colonoscopy[/item][item type="items" value="$275"]Gastroscopy[/item][item type="items" value="$175"]Allergy Testing[/item][item type="items" value="$25"]CT Scan[/item][item type="items" value="$50"]Bronchoscopy[/item][item type="items" value="$500"]Colonoscopy[/item][/items_list][box_header title="Prepaid Treatments" bottom_border="1" animation="0" top_margin="page-margin-top"][items_list animation="0" additembutton="" read_more="0" class="margin-top-30"][item type="items" value="$350"]Colonoscopy[/item][item type="items" value="$275"]Gastroscopy[/item][item type="items" value="$175"]Allergy Testing[/item][item type="items" value="$25"]CT Scan[/item][/items_list][/vc_column][/vc_row][vc_row type="full-width mc-parallax mc-overlay" top_margin="page-margin-top-section" css=".vc_custom_1541000527054{background-image: url(http://quanticalabs.com/wptest/medicenter-new/files/2018/10/placeholder.jpg) !important;background-position: center !important;background-repeat: no-repeat !important;background-size: cover !important;}" el_class="padding-top-89 padding-bottom-100"][vc_column][box_header title="Medical Walk-in Process" type="h2" bottom_border="1" animation="0" class="white align-center large"][vc_row_inner top_margin="page-margin-top-section" el_class="flex-box"][vc_column_inner width="1/3"][info_box title="No Appointment Needed" icon="medical-bed" animation="fadeIn" animation_duration="500" arrow="light" arrow_animation="slideRight" arrow_animation_duration="800" arrow_animation_delay="150"]An appointment is not required in order to receive care. For this reason, patients do not have to plan out when they can come in. Simply walk in and you'll be seen.[/info_box][/vc_column_inner][vc_column_inner width="1/3"][info_box title="Licensed Professionals" icon="dna" animation="slideRight" animation_duration="800" animation_delay="600" arrow="dark" arrow_animation="slideRight" arrow_animation_duration="800" arrow_animation_delay="1050"]Urgent care physicians and nurses offer high-quality care. They are licensed and recognized as reputable members of the healthcare industry.[/info_box][/vc_column_inner][vc_column_inner width="1/3"][info_box title="Cost Effective" icon="people" animation="slideRight" animation_duration="800" animation_delay="1500"]The cost of seeing a physician at a medical immediate care facility will be much more affordable than seeing a physician in an emergency room.[/info_box][/vc_column_inner][/vc_row_inner][/vc_column][/vc_row][vc_row top_margin="page-margin-top-section"][vc_column][box_header title="Please call (510) 210-5225" type="h2" bottom_border="1" animation="0" class="large align-center"][vc_column_text el_class="large align-center margin-top-20"]Or contact us via email form below[/vc_column_text][medicenter_contact_form header="" animation="0" department_select_box="0" submit_label="SEND MESSAGE" display_first_name="1" first_name_required="1" display_last_name="1" last_name_required="1" display_date="0" display_security_number="0" display_phone="1" phone_label="YOUR PHONE (OPTIONAL)" phone_required="0" display_email="1" email_label="YOUR E-MAIL" email_required="1" display_message="1" message_label="YOUR MESSAGE" message_required="1" terms_checkbox="0" top_margin="page-margin-top"][/vc_column][/vc_row][vc_row type="full-width" top_margin="page-margin-top-section" css=".vc_custom_1539781219318{border-top-width: 1px !important;border-top-color: #e5e5e5 !important;border-top-style: solid !important;}"][vc_column][vc_row_inner top_margin="page-margin-top-section"][vc_column_inner][box_header title="Other Services" type="h2" bottom_border="1" animation="0" class="large align-center"][vc_column_text el_class="large align-center margin-top-20"]Since its founding Medicenter has been providing its patients with full medical care, encompassing
outpatients services, laboratory and imaging diagnostics, dentistry, dentistry and immediate care.[/vc_column_text][ql_services items_per_page="3" ids="-,4014,5019,4012" spacing="0" order_by="date" headers="1" headers_links="1" headers_border="0" show_excerpt="1" show_featured_image="1" featured_image_links="1" top_margin="page-margin-top"][/vc_column_inner][/vc_row_inner][/vc_column][/vc_row]]]></content:encoded>
		<excerpt:encoded><![CDATA[Laser treatments such as retinal laser coagulation, capsulotomy, and anti-glaucoma treatments.]]></excerpt:encoded>
		<wp:post_id>5016</wp:post_id>
		<wp:post_date><![CDATA[2021-05-07 09:18:24]]></wp:post_date>
		<wp:post_date_gmt><![CDATA[2021-05-07 09:18:24]]></wp:post_date_gmt>
		<wp:comment_status><![CDATA[closed]]></wp:comment_status>
		<wp:ping_status><![CDATA[closed]]></wp:ping_status>
		<wp:post_name><![CDATA[ophthalmic-treatments]]></wp:post_name>
		<wp:status><![CDATA[publish]]></wp:status>
		<wp:post_parent>0</wp:post_parent>
		<wp:menu_order>0</wp:menu_order>
		<wp:post_type><![CDATA[ql_services]]></wp:post_type>
		<wp:post_password><![CDATA[]]></wp:post_password>
		<wp:is_sticky>0</wp:is_sticky>
														<wp:postmeta>
		<wp:meta_key><![CDATA[_edit_last]]></wp:meta_key>
		<wp:meta_value><![CDATA[1]]></wp:meta_value>
		</wp:postmeta>
							<wp:postmeta>
		<wp:meta_key><![CDATA[rs_page_bg_color]]></wp:meta_key>
		<wp:meta_value><![CDATA[]]></wp:meta_value>
		</wp:postmeta>
							<wp:postmeta>
		<wp:meta_key><![CDATA[icon]]></wp:meta_key>
		<wp:meta_value><![CDATA[features-eye]]></wp:meta_value>
		</wp:postmeta>
							<wp:postmeta>
		<wp:meta_key><![CDATA[ql_services_custom_url]]></wp:meta_key>
		<wp:meta_value><![CDATA[]]></wp:meta_value>
		</wp:postmeta>
							<wp:postmeta>
		<wp:meta_key><![CDATA[_wpb_vc_js_status]]></wp:meta_key>
		<wp:meta_value><![CDATA[true]]></wp:meta_value>
		</wp:postmeta>
							<wp:postmeta>
		<wp:meta_key><![CDATA[_thumbnail_id]]></wp:meta_key>
		<wp:meta_value><![CDATA[3750]]></wp:meta_value>
		</wp:postmeta>
							<wp:postmeta>
		<wp:meta_key><![CDATA[_wpb_shortcodes_custom_css]]></wp:meta_key>
		<wp:meta_value><![CDATA[.vc_custom_1539766293556{background-color: #ffffff !important;}.vc_custom_1541000527054{background-image: url(http://quanticalabs.com/wptest/medicenter-new/files/2018/10/placeholder.jpg) !important;background-position: center !important;background-repeat: no-repeat !important;background-size: cover !important;}.vc_custom_1539781219318{border-top-width: 1px !important;border-top-color: #e5e5e5 !important;border-top-style: solid !important;}.vc_custom_1536849658368{background-position: center !important;background-repeat: no-repeat !important;background-size: cover !important;}.vc_custom_1540996492705{background-image: url(http://quanticalabs.com/wptest/medicenter-new/files/2018/10/placeholder.jpg) !important;background-position: center !important;background-repeat: no-repeat !important;background-size: cover !important;}.vc_custom_1539768616510{background-color: #f0f0f0 !important;}]]></wp:meta_value>
		</wp:postmeta>
	</item>
	<item>
		<title>OPHTHALMIC SURGERIES</title>
		<link>http://quanticalabs.com/wptest/medicenter-new/services/ophthalmic-surgeries/</link>
		<pubDate>Fri, 07 May 2021 09:20:09 +0000</pubDate>
		<dc:creator><![CDATA[admin]]></dc:creator>
		<guid isPermaLink="false">http://quanticalabs.com/wptest/medicenter-new/?post_type=ql_services&#038;p=5019</guid>
		<description></description>
		<content:encoded><![CDATA[[vc_row][vc_column width="1/3"][service_box headers="1" headers_links="0" show_excerpt="1" show_featured_image="1" featured_image_links="0"][/vc_column][vc_column width="2/3" el_class="padding-left-30"][box_header title="Simply walk in" bottom_border="1" animation="0"][box_header title="Effective and affordable treatment
for non-life threatening illnesses" type="h2" bottom_border="0" class="large margin-top-30"][vc_column_text el_class="large margin-top-10"]When you need treatment for minor injuries and illnesses, but the doctor is not available, Medicenter immediate care services have you covered. Our immediate care locations combine easy-to-access services with our well-known standards for delivering the best care.[/vc_column_text][items_list type="simple" animation="0" additembutton="" read_more="0"][item type="items" value="" url="" url_target="new_window" icon="tick-2" text_color="" value_color="" value_bg_color="" border_color=""]Medicenter is a people centered environment - which means you are at the center of everything we do and every decision we make.[/item][item type="items" value="" url="" url_target="new_window" icon="tick-2" text_color="" value_color="" value_bg_color="" border_color=""]We are your partner for health, helping your live well by bringing the best in medicine and healthcare to your door.[/item][item type="items" value="" url="" url_target="new_window" icon="tick-2" text_color="" value_color="" value_bg_color="" border_color=""]We provide fast, effective and affordable immediate care for non-life threatening illnesses. Most patients are seen, treated and released in about 60 minutes.[/item][/items_list][/vc_column][/vc_row][vc_row type="full-width" top_margin="page-margin-top-section" el_class="flex-box" css=".vc_custom_1539766293556{background-color: #ffffff !important;}"][vc_column width="1/2" css=".vc_custom_1536849658368{background-position: center !important;background-repeat: no-repeat !important;background-size: cover !important;}" el_class="padding-bottom-128 column-limited"][vc_row_inner el_class="padding-right-100"][vc_column_inner][box_header title="Learn why is it worth it" bottom_border="1" animation="0" class="margin-top-92"][box_header title="Medicenter Immediate Care Facilities Provide Quick Care and Relief" type="h2" bottom_border="0" class="large margin-top-30"][vc_column_text el_class="large margin-top-10"]No appointment needed, most patients are seen, treated and released in about 60 minutes. Certified and experienced MD physicians not nurses and on site diagnostic tests with lab.[/vc_column_text][/vc_column_inner][/vc_row_inner][vc_tabs el_class="vc_row margin-top-30 padding-right-100"][vc_tab title="BENEFITS" tab_id="benefits"][vc_column_text]When you are feeling under the weather and can not wait for an appointment with your primary care doctor, our physicians and experienced immediate care staff can help you feel better.[/vc_column_text][/vc_tab][vc_tab title="THE TREATMENT PROCESS" tab_id="the-treatment-process"][vc_column_text]No appointment needed, most patients are seen, treated and released in about 60 minutes. Certified and experienced MD physicians not nurses and on site diagnostic tests with lab.[/vc_column_text][/vc_tab][/vc_tabs][/vc_column][vc_column width="1/2" css=".vc_custom_1540996492705{background-image: url(http://quanticalabs.com/wptest/medicenter-new/files/2018/10/placeholder.jpg) !important;background-position: center !important;background-repeat: no-repeat !important;background-size: cover !important;}"][vc_single_image image="3750" img_size="large-thumb" el_class="flex-hide"][mc_icon style="hexagon" icon_feature="play" url="http://www.youtube.com/watch?v=AivyFZXT2ek" url_target="same_window" class="fancybox"][/vc_column][/vc_row][vc_row el_class="padding-top-89"][vc_column][box_header title="Service Overview" type="h2" bottom_border="1" animation="0" class="large align-center"][vc_column_text el_class="large align-center margin-top-20"]When we or someone we care for is sick or needs medical attention, we want the best care possible in the
shortest amount of time. Simply walk in and you will be seen as quickly as possible.[/vc_column_text][/vc_column][/vc_row][vc_row top_margin="page-margin-top-section"][vc_column width="2/3"][vc_row_inner][vc_column_inner width="1/2"][vc_single_image image="3750" img_size="medium-thumb" onclick="link_image"][/vc_column_inner][vc_column_inner width="1/2"][vc_single_image image="3750" img_size="medium-thumb" onclick="link_image"][/vc_column_inner][/vc_row_inner][vc_column_text el_class="large margin-top-20"]Since its founding we become an integral part of the city, advancing our mission of providing access to compassionate care to our communities. Today patients find care that combines world-class medicine with compassion.[/vc_column_text][vc_column_text]Since its founding we become an integral part of the city, advancing our mission of providing access to compassionate care to our communities. Today patients find care that combines world-class medicine with compassion. Since its founding we become an integral part of the city, advancing our mission of providing access to compassionate care.[/vc_column_text][vc_tabs el_class="margin-top-30"][vc_tab title="SERVICES" tab_id="services"][vc_row_inner top_margin="page-margin-top"][vc_column_inner width="1/2"][features ids="963,965" type="small" headers="1" headers_links="1" read_more="0" icon_links="1"][/vc_column_inner][vc_column_inner width="1/2"][features ids="883,966" type="small" headers="1" headers_links="1" read_more="0" icon_links="1"][/vc_column_inner][/vc_row_inner][/vc_tab][vc_tab title="TREATMENTS" tab_id="treatments"][vc_row_inner top_margin="page-margin-top"][vc_column_inner width="1/2"][features ids="206,966" type="small" headers="1" headers_links="1" read_more="0" icon_links="1"][/vc_column_inner][vc_column_inner width="1/2"][features ids="210,925" type="small" headers="1" headers_links="1" read_more="0" icon_links="1"][/vc_column_inner][/vc_row_inner][/vc_tab][/vc_tabs][/vc_column][vc_column width="1/3" css=".vc_custom_1539768616510{background-color: #f0f0f0 !important;}" el_class="padding-40"][box_header title="Price List of Treatments" bottom_border="1" animation="0"][items_list animation="0" additembutton="" read_more="0" class="margin-top-30"][item type="items" value="$350"]Colonoscopy[/item][item type="items" value="$275"]Gastroscopy[/item][item type="items" value="$175"]Allergy Testing[/item][item type="items" value="$25"]CT Scan[/item][item type="items" value="$50"]Bronchoscopy[/item][item type="items" value="$500"]Colonoscopy[/item][/items_list][box_header title="Prepaid Treatments" bottom_border="1" animation="0" top_margin="page-margin-top"][items_list animation="0" additembutton="" read_more="0" class="margin-top-30"][item type="items" value="$350"]Colonoscopy[/item][item type="items" value="$275"]Gastroscopy[/item][item type="items" value="$175"]Allergy Testing[/item][item type="items" value="$25"]CT Scan[/item][/items_list][/vc_column][/vc_row][vc_row type="full-width mc-parallax mc-overlay" top_margin="page-margin-top-section" css=".vc_custom_1541000527054{background-image: url(http://quanticalabs.com/wptest/medicenter-new/files/2018/10/placeholder.jpg) !important;background-position: center !important;background-repeat: no-repeat !important;background-size: cover !important;}" el_class="padding-top-89 padding-bottom-100"][vc_column][box_header title="Medical Walk-in Process" type="h2" bottom_border="1" animation="0" class="white align-center large"][vc_row_inner top_margin="page-margin-top-section" el_class="flex-box"][vc_column_inner width="1/3"][info_box title="No Appointment Needed" icon="medical-bed" animation="fadeIn" animation_duration="500" arrow="light" arrow_animation="slideRight" arrow_animation_duration="800" arrow_animation_delay="150"]An appointment is not required in order to receive care. For this reason, patients do not have to plan out when they can come in. Simply walk in and you'll be seen.[/info_box][/vc_column_inner][vc_column_inner width="1/3"][info_box title="Licensed Professionals" icon="dna" animation="slideRight" animation_duration="800" animation_delay="600" arrow="dark" arrow_animation="slideRight" arrow_animation_duration="800" arrow_animation_delay="1050"]Urgent care physicians and nurses offer high-quality care. They are licensed and recognized as reputable members of the healthcare industry.[/info_box][/vc_column_inner][vc_column_inner width="1/3"][info_box title="Cost Effective" icon="people" animation="slideRight" animation_duration="800" animation_delay="1500"]The cost of seeing a physician at a medical immediate care facility will be much more affordable than seeing a physician in an emergency room.[/info_box][/vc_column_inner][/vc_row_inner][/vc_column][/vc_row][vc_row top_margin="page-margin-top-section"][vc_column][box_header title="Please call (510) 210-5225" type="h2" bottom_border="1" animation="0" class="large align-center"][vc_column_text el_class="large align-center margin-top-20"]Or contact us via email form below[/vc_column_text][medicenter_contact_form header="" animation="0" department_select_box="0" submit_label="SEND MESSAGE" display_first_name="1" first_name_required="1" display_last_name="1" last_name_required="1" display_date="0" display_security_number="0" display_phone="1" phone_label="YOUR PHONE (OPTIONAL)" phone_required="0" display_email="1" email_label="YOUR E-MAIL" email_required="1" display_message="1" message_label="YOUR MESSAGE" message_required="1" terms_checkbox="0" top_margin="page-margin-top"][/vc_column][/vc_row][vc_row type="full-width" top_margin="page-margin-top-section" css=".vc_custom_1539781219318{border-top-width: 1px !important;border-top-color: #e5e5e5 !important;border-top-style: solid !important;}"][vc_column][vc_row_inner top_margin="page-margin-top-section"][vc_column_inner][box_header title="Other Services" type="h2" bottom_border="1" animation="0" class="large align-center"][vc_column_text el_class="large align-center margin-top-20"]Since its founding Medicenter has been providing its patients with full medical care, encompassing
outpatients services, laboratory and imaging diagnostics, dentistry, dentistry and immediate care.[/vc_column_text][ql_services items_per_page="3" ids="4014,5019,4012" spacing="0" order_by="date" headers="1" headers_links="1" headers_border="0" show_excerpt="1" show_featured_image="1" featured_image_links="1" top_margin="page-margin-top"][/vc_column_inner][/vc_row_inner][/vc_column][/vc_row]]]></content:encoded>
		<excerpt:encoded><![CDATA[Cataract and glaucoma surgeries, vitrectomy, strabismus suirgeries, and multi-pediatric and combined surgeries.]]></excerpt:encoded>
		<wp:post_id>5019</wp:post_id>
		<wp:post_date><![CDATA[2021-05-07 09:20:09]]></wp:post_date>
		<wp:post_date_gmt><![CDATA[2021-05-07 09:20:09]]></wp:post_date_gmt>
		<wp:comment_status><![CDATA[closed]]></wp:comment_status>
		<wp:ping_status><![CDATA[closed]]></wp:ping_status>
		<wp:post_name><![CDATA[ophthalmic-surgeries]]></wp:post_name>
		<wp:status><![CDATA[publish]]></wp:status>
		<wp:post_parent>0</wp:post_parent>
		<wp:menu_order>0</wp:menu_order>
		<wp:post_type><![CDATA[ql_services]]></wp:post_type>
		<wp:post_password><![CDATA[]]></wp:post_password>
		<wp:is_sticky>0</wp:is_sticky>
														<wp:postmeta>
		<wp:meta_key><![CDATA[_edit_last]]></wp:meta_key>
		<wp:meta_value><![CDATA[1]]></wp:meta_value>
		</wp:postmeta>
							<wp:postmeta>
		<wp:meta_key><![CDATA[rs_page_bg_color]]></wp:meta_key>
		<wp:meta_value><![CDATA[]]></wp:meta_value>
		</wp:postmeta>
							<wp:postmeta>
		<wp:meta_key><![CDATA[icon]]></wp:meta_key>
		<wp:meta_value><![CDATA[features-medical-bed]]></wp:meta_value>
		</wp:postmeta>
							<wp:postmeta>
		<wp:meta_key><![CDATA[ql_services_custom_url]]></wp:meta_key>
		<wp:meta_value><![CDATA[]]></wp:meta_value>
		</wp:postmeta>
							<wp:postmeta>
		<wp:meta_key><![CDATA[_wpb_vc_js_status]]></wp:meta_key>
		<wp:meta_value><![CDATA[true]]></wp:meta_value>
		</wp:postmeta>
							<wp:postmeta>
		<wp:meta_key><![CDATA[_thumbnail_id]]></wp:meta_key>
		<wp:meta_value><![CDATA[3750]]></wp:meta_value>
		</wp:postmeta>
							<wp:postmeta>
		<wp:meta_key><![CDATA[_wpb_shortcodes_custom_css]]></wp:meta_key>
		<wp:meta_value><![CDATA[.vc_custom_1539766293556{background-color: #ffffff !important;}.vc_custom_1541000527054{background-image: url(http://quanticalabs.com/wptest/medicenter-new/files/2018/10/placeholder.jpg) !important;background-position: center !important;background-repeat: no-repeat !important;background-size: cover !important;}.vc_custom_1539781219318{border-top-width: 1px !important;border-top-color: #e5e5e5 !important;border-top-style: solid !important;}.vc_custom_1536849658368{background-position: center !important;background-repeat: no-repeat !important;background-size: cover !important;}.vc_custom_1540996492705{background-image: url(http://quanticalabs.com/wptest/medicenter-new/files/2018/10/placeholder.jpg) !important;background-position: center !important;background-repeat: no-repeat !important;background-size: cover !important;}.vc_custom_1539768616510{background-color: #f0f0f0 !important;}]]></wp:meta_value>
		</wp:postmeta>
	</item>
</channel>
</rss>
