<?xml version="1.0" encoding="UTF-8" ?>
<!-- This is a WordPress eXtended RSS file generated by WordPress as an export of your site. -->
<!-- It contains information about your site's posts, pages, comments, categories, and other content. -->
<!-- You may use this file to transfer that content from one site to another. -->
<!-- This file is not intended to serve as a complete backup of your site. -->

<!-- To import this information into a WordPress site follow these steps: -->
<!-- 1. Log in to that site as an administrator. -->
<!-- 2. Go to Tools: Import in the WordPress admin panel. -->
<!-- 3. Install the "WordPress" importer from the list. -->
<!-- 4. Activate & Run Importer. -->
<!-- 5. Upload this file using the form provided on that page. -->
<!-- 6. You will first be asked to map the authors in this export file to users -->
<!--    on the site. For each author, you may choose to map to an -->
<!--    existing user on the site or to create a new user. -->
<!-- 7. WordPress will then import each of the posts, pages, comments, categories, etc. -->
<!--    contained in this file into your site. -->

<!-- generator="WordPress/4.7.2" created="2017-02-22 12:57" -->
<rss version="2.0"
	xmlns:excerpt="http://wordpress.org/export/1.2/excerpt/"
	xmlns:content="http://purl.org/rss/1.0/modules/content/"
	xmlns:wfw="http://wellformedweb.org/CommentAPI/"
	xmlns:dc="http://purl.org/dc/elements/1.1/"
	xmlns:wp="http://wordpress.org/export/1.2/"
>

<channel>
	
	<wp:wxr_version>1.2</wp:wxr_version>

	<item>
		<title>image_01</title>
		<link>http://quanticalabs.com/wptest/medicenter-new/image_01/</link>
		<pubDate>Thu, 05 Jan 2017 14:01:39 +0000</pubDate>
		<dc:creator><![CDATA[admin]]></dc:creator>
		<guid isPermaLink="false">http://quanticalabs.com/wptest/medicenter-new/files/2017/01/image_01.jpg</guid>
		<description></description>
		<content:encoded><![CDATA[]]></content:encoded>
		<excerpt:encoded><![CDATA[]]></excerpt:encoded>
		<wp:post_id>3211</wp:post_id>
		<wp:post_date><![CDATA[2017-01-05 14:01:39]]></wp:post_date>
		<wp:post_date_gmt><![CDATA[2017-01-05 14:01:39]]></wp:post_date_gmt>
		<wp:comment_status><![CDATA[open]]></wp:comment_status>
		<wp:ping_status><![CDATA[closed]]></wp:ping_status>
		<wp:post_name><![CDATA[image_01]]></wp:post_name>
		<wp:status><![CDATA[inherit]]></wp:status>
		<wp:post_parent>0</wp:post_parent>
		<wp:menu_order>0</wp:menu_order>
		<wp:post_type><![CDATA[attachment]]></wp:post_type>
		<wp:post_password><![CDATA[]]></wp:post_password>
		<wp:is_sticky>0</wp:is_sticky>
		<wp:attachment_url><![CDATA[http://quanticalabs.com/wptest/medicenter-new/files/2017/01/image_01.jpg]]></wp:attachment_url>
		<wp:postmeta>
			<wp:meta_key><![CDATA[_wp_attached_file]]></wp:meta_key>
			<wp:meta_value><![CDATA[2017/01/image_01.jpg]]></wp:meta_value>
		</wp:postmeta>
		<wp:postmeta>
			<wp:meta_key><![CDATA[_wp_attachment_metadata]]></wp:meta_key>
			<wp:meta_value><![CDATA[a:5:{s:5:"width";i:800;s:6:"height";i:600;s:4:"file";s:20:"2017/01/image_01.jpg";s:5:"sizes";a:8:{s:9:"thumbnail";a:4:{s:4:"file";s:20:"image_01-150x150.jpg";s:5:"width";i:150;s:6:"height";i:150;s:9:"mime-type";s:10:"image/jpeg";}s:6:"medium";a:4:{s:4:"file";s:20:"image_01-300x225.jpg";s:5:"width";i:300;s:6:"height";i:225;s:9:"mime-type";s:10:"image/jpeg";}s:12:"medium_large";a:4:{s:4:"file";s:20:"image_01-768x576.jpg";s:5:"width";i:768;s:6:"height";i:576;s:9:"mime-type";s:10:"image/jpeg";}s:15:"blog-post-thumb";a:4:{s:4:"file";s:20:"image_01-670x446.jpg";s:5:"width";i:670;s:6:"height";i:446;s:9:"mime-type";s:10:"image/jpeg";}s:24:"medicenter-gallery-image";a:4:{s:4:"file";s:20:"image_01-600x400.jpg";s:5:"width";i:600;s:6:"height";i:400;s:9:"mime-type";s:10:"image/jpeg";}s:31:"medicenter-gallery-thumb-type-1";a:4:{s:4:"file";s:20:"image_01-390x260.jpg";s:5:"width";i:390;s:6:"height";i:260;s:9:"mime-type";s:10:"image/jpeg";}s:31:"medicenter-gallery-thumb-type-2";a:4:{s:4:"file";s:20:"image_01-285x190.jpg";s:5:"width";i:285;s:6:"height";i:190;s:9:"mime-type";s:10:"image/jpeg";}s:22:"medicenter-small-thumb";a:4:{s:4:"file";s:20:"image_01-100x100.jpg";s:5:"width";i:100;s:6:"height";i:100;s:9:"mime-type";s:10:"image/jpeg";}}s:10:"image_meta";a:12:{s:8:"aperture";s:1:"0";s:6:"credit";s:0:"";s:6:"camera";s:0:"";s:7:"caption";s:0:"";s:17:"created_timestamp";s:1:"0";s:9:"copyright";s:0:"";s:12:"focal_length";s:1:"0";s:3:"iso";s:1:"0";s:13:"shutter_speed";s:1:"0";s:5:"title";s:0:"";s:11:"orientation";s:1:"0";s:8:"keywords";a:0:{}}}]]></wp:meta_value>
		</wp:postmeta>
	</item>
	<item>
		<title>image_02</title>
		<link>http://quanticalabs.com/wptest/medicenter-new/2017/02/12/many-doctors-use-wrong-test-to-diagnose-kids-food-allergies/image_02/</link>
		<pubDate>Thu, 05 Jan 2017 14:01:41 +0000</pubDate>
		<dc:creator><![CDATA[admin]]></dc:creator>
		<guid isPermaLink="false">http://quanticalabs.com/wptest/medicenter-new/files/2017/01/image_02.jpg</guid>
		<description></description>
		<content:encoded><![CDATA[]]></content:encoded>
		<excerpt:encoded><![CDATA[]]></excerpt:encoded>
		<wp:post_id>3212</wp:post_id>
		<wp:post_date><![CDATA[2017-01-05 14:01:41]]></wp:post_date>
		<wp:post_date_gmt><![CDATA[2017-01-05 14:01:41]]></wp:post_date_gmt>
		<wp:comment_status><![CDATA[open]]></wp:comment_status>
		<wp:ping_status><![CDATA[closed]]></wp:ping_status>
		<wp:post_name><![CDATA[image_02]]></wp:post_name>
		<wp:status><![CDATA[inherit]]></wp:status>
		<wp:post_parent>1393</wp:post_parent>
		<wp:menu_order>0</wp:menu_order>
		<wp:post_type><![CDATA[attachment]]></wp:post_type>
		<wp:post_password><![CDATA[]]></wp:post_password>
		<wp:is_sticky>0</wp:is_sticky>
		<wp:attachment_url><![CDATA[http://quanticalabs.com/wptest/medicenter-new/files/2017/01/image_02.jpg]]></wp:attachment_url>
		<wp:postmeta>
			<wp:meta_key><![CDATA[_wp_attached_file]]></wp:meta_key>
			<wp:meta_value><![CDATA[2017/01/image_02.jpg]]></wp:meta_value>
		</wp:postmeta>
		<wp:postmeta>
			<wp:meta_key><![CDATA[_wp_attachment_metadata]]></wp:meta_key>
			<wp:meta_value><![CDATA[a:5:{s:5:"width";i:800;s:6:"height";i:600;s:4:"file";s:20:"2017/01/image_02.jpg";s:5:"sizes";a:8:{s:9:"thumbnail";a:4:{s:4:"file";s:20:"image_02-150x150.jpg";s:5:"width";i:150;s:6:"height";i:150;s:9:"mime-type";s:10:"image/jpeg";}s:6:"medium";a:4:{s:4:"file";s:20:"image_02-300x225.jpg";s:5:"width";i:300;s:6:"height";i:225;s:9:"mime-type";s:10:"image/jpeg";}s:12:"medium_large";a:4:{s:4:"file";s:20:"image_02-768x576.jpg";s:5:"width";i:768;s:6:"height";i:576;s:9:"mime-type";s:10:"image/jpeg";}s:15:"blog-post-thumb";a:4:{s:4:"file";s:20:"image_02-670x446.jpg";s:5:"width";i:670;s:6:"height";i:446;s:9:"mime-type";s:10:"image/jpeg";}s:24:"medicenter-gallery-image";a:4:{s:4:"file";s:20:"image_02-600x400.jpg";s:5:"width";i:600;s:6:"height";i:400;s:9:"mime-type";s:10:"image/jpeg";}s:31:"medicenter-gallery-thumb-type-1";a:4:{s:4:"file";s:20:"image_02-390x260.jpg";s:5:"width";i:390;s:6:"height";i:260;s:9:"mime-type";s:10:"image/jpeg";}s:31:"medicenter-gallery-thumb-type-2";a:4:{s:4:"file";s:20:"image_02-285x190.jpg";s:5:"width";i:285;s:6:"height";i:190;s:9:"mime-type";s:10:"image/jpeg";}s:22:"medicenter-small-thumb";a:4:{s:4:"file";s:20:"image_02-100x100.jpg";s:5:"width";i:100;s:6:"height";i:100;s:9:"mime-type";s:10:"image/jpeg";}}s:10:"image_meta";a:12:{s:8:"aperture";s:1:"0";s:6:"credit";s:0:"";s:6:"camera";s:0:"";s:7:"caption";s:0:"";s:17:"created_timestamp";s:1:"0";s:9:"copyright";s:0:"";s:12:"focal_length";s:1:"0";s:3:"iso";s:1:"0";s:13:"shutter_speed";s:1:"0";s:5:"title";s:0:"";s:11:"orientation";s:1:"0";s:8:"keywords";a:0:{}}}]]></wp:meta_value>
		</wp:postmeta>
	</item>
	<item>
		<title>image_03</title>
		<link>http://quanticalabs.com/wptest/medicenter-new/2017/02/12/many-doctors-use-wrong-test-to-diagnose-kids-food-allergies/image_03/</link>
		<pubDate>Thu, 05 Jan 2017 14:01:41 +0000</pubDate>
		<dc:creator><![CDATA[admin]]></dc:creator>
		<guid isPermaLink="false">http://quanticalabs.com/wptest/medicenter-new/files/2017/01/image_03.jpg</guid>
		<description></description>
		<content:encoded><![CDATA[]]></content:encoded>
		<excerpt:encoded><![CDATA[]]></excerpt:encoded>
		<wp:post_id>3213</wp:post_id>
		<wp:post_date><![CDATA[2017-01-05 14:01:41]]></wp:post_date>
		<wp:post_date_gmt><![CDATA[2017-01-05 14:01:41]]></wp:post_date_gmt>
		<wp:comment_status><![CDATA[open]]></wp:comment_status>
		<wp:ping_status><![CDATA[closed]]></wp:ping_status>
		<wp:post_name><![CDATA[image_03]]></wp:post_name>
		<wp:status><![CDATA[inherit]]></wp:status>
		<wp:post_parent>1393</wp:post_parent>
		<wp:menu_order>0</wp:menu_order>
		<wp:post_type><![CDATA[attachment]]></wp:post_type>
		<wp:post_password><![CDATA[]]></wp:post_password>
		<wp:is_sticky>0</wp:is_sticky>
		<wp:attachment_url><![CDATA[http://quanticalabs.com/wptest/medicenter-new/files/2017/01/image_03.jpg]]></wp:attachment_url>
		<wp:postmeta>
			<wp:meta_key><![CDATA[_wp_attached_file]]></wp:meta_key>
			<wp:meta_value><![CDATA[2017/01/image_03.jpg]]></wp:meta_value>
		</wp:postmeta>
		<wp:postmeta>
			<wp:meta_key><![CDATA[_wp_attachment_metadata]]></wp:meta_key>
			<wp:meta_value><![CDATA[a:5:{s:5:"width";i:800;s:6:"height";i:600;s:4:"file";s:20:"2017/01/image_03.jpg";s:5:"sizes";a:8:{s:9:"thumbnail";a:4:{s:4:"file";s:20:"image_03-150x150.jpg";s:5:"width";i:150;s:6:"height";i:150;s:9:"mime-type";s:10:"image/jpeg";}s:6:"medium";a:4:{s:4:"file";s:20:"image_03-300x225.jpg";s:5:"width";i:300;s:6:"height";i:225;s:9:"mime-type";s:10:"image/jpeg";}s:12:"medium_large";a:4:{s:4:"file";s:20:"image_03-768x576.jpg";s:5:"width";i:768;s:6:"height";i:576;s:9:"mime-type";s:10:"image/jpeg";}s:15:"blog-post-thumb";a:4:{s:4:"file";s:20:"image_03-670x446.jpg";s:5:"width";i:670;s:6:"height";i:446;s:9:"mime-type";s:10:"image/jpeg";}s:24:"medicenter-gallery-image";a:4:{s:4:"file";s:20:"image_03-600x400.jpg";s:5:"width";i:600;s:6:"height";i:400;s:9:"mime-type";s:10:"image/jpeg";}s:31:"medicenter-gallery-thumb-type-1";a:4:{s:4:"file";s:20:"image_03-390x260.jpg";s:5:"width";i:390;s:6:"height";i:260;s:9:"mime-type";s:10:"image/jpeg";}s:31:"medicenter-gallery-thumb-type-2";a:4:{s:4:"file";s:20:"image_03-285x190.jpg";s:5:"width";i:285;s:6:"height";i:190;s:9:"mime-type";s:10:"image/jpeg";}s:22:"medicenter-small-thumb";a:4:{s:4:"file";s:20:"image_03-100x100.jpg";s:5:"width";i:100;s:6:"height";i:100;s:9:"mime-type";s:10:"image/jpeg";}}s:10:"image_meta";a:12:{s:8:"aperture";s:1:"0";s:6:"credit";s:0:"";s:6:"camera";s:0:"";s:7:"caption";s:0:"";s:17:"created_timestamp";s:1:"0";s:9:"copyright";s:0:"";s:12:"focal_length";s:1:"0";s:3:"iso";s:1:"0";s:13:"shutter_speed";s:1:"0";s:5:"title";s:0:"";s:11:"orientation";s:1:"0";s:8:"keywords";a:0:{}}}]]></wp:meta_value>
		</wp:postmeta>
	</item>
	<item>
		<title>image_04</title>
		<link>http://quanticalabs.com/wptest/medicenter-new/image_04/</link>
		<pubDate>Thu, 05 Jan 2017 14:01:43 +0000</pubDate>
		<dc:creator><![CDATA[admin]]></dc:creator>
		<guid isPermaLink="false">http://quanticalabs.com/wptest/medicenter-new/files/2017/01/image_04.jpg</guid>
		<description></description>
		<content:encoded><![CDATA[]]></content:encoded>
		<excerpt:encoded><![CDATA[]]></excerpt:encoded>
		<wp:post_id>3214</wp:post_id>
		<wp:post_date><![CDATA[2017-01-05 14:01:43]]></wp:post_date>
		<wp:post_date_gmt><![CDATA[2017-01-05 14:01:43]]></wp:post_date_gmt>
		<wp:comment_status><![CDATA[open]]></wp:comment_status>
		<wp:ping_status><![CDATA[closed]]></wp:ping_status>
		<wp:post_name><![CDATA[image_04]]></wp:post_name>
		<wp:status><![CDATA[inherit]]></wp:status>
		<wp:post_parent>0</wp:post_parent>
		<wp:menu_order>0</wp:menu_order>
		<wp:post_type><![CDATA[attachment]]></wp:post_type>
		<wp:post_password><![CDATA[]]></wp:post_password>
		<wp:is_sticky>0</wp:is_sticky>
		<wp:attachment_url><![CDATA[http://quanticalabs.com/wptest/medicenter-new/files/2017/01/image_04.jpg]]></wp:attachment_url>
		<wp:postmeta>
			<wp:meta_key><![CDATA[_wp_attached_file]]></wp:meta_key>
			<wp:meta_value><![CDATA[2017/01/image_04.jpg]]></wp:meta_value>
		</wp:postmeta>
		<wp:postmeta>
			<wp:meta_key><![CDATA[_wp_attachment_metadata]]></wp:meta_key>
			<wp:meta_value><![CDATA[a:5:{s:5:"width";i:800;s:6:"height";i:600;s:4:"file";s:20:"2017/01/image_04.jpg";s:5:"sizes";a:8:{s:9:"thumbnail";a:4:{s:4:"file";s:20:"image_04-150x150.jpg";s:5:"width";i:150;s:6:"height";i:150;s:9:"mime-type";s:10:"image/jpeg";}s:6:"medium";a:4:{s:4:"file";s:20:"image_04-300x225.jpg";s:5:"width";i:300;s:6:"height";i:225;s:9:"mime-type";s:10:"image/jpeg";}s:12:"medium_large";a:4:{s:4:"file";s:20:"image_04-768x576.jpg";s:5:"width";i:768;s:6:"height";i:576;s:9:"mime-type";s:10:"image/jpeg";}s:15:"blog-post-thumb";a:4:{s:4:"file";s:20:"image_04-670x446.jpg";s:5:"width";i:670;s:6:"height";i:446;s:9:"mime-type";s:10:"image/jpeg";}s:24:"medicenter-gallery-image";a:4:{s:4:"file";s:20:"image_04-600x400.jpg";s:5:"width";i:600;s:6:"height";i:400;s:9:"mime-type";s:10:"image/jpeg";}s:31:"medicenter-gallery-thumb-type-1";a:4:{s:4:"file";s:20:"image_04-390x260.jpg";s:5:"width";i:390;s:6:"height";i:260;s:9:"mime-type";s:10:"image/jpeg";}s:31:"medicenter-gallery-thumb-type-2";a:4:{s:4:"file";s:20:"image_04-285x190.jpg";s:5:"width";i:285;s:6:"height";i:190;s:9:"mime-type";s:10:"image/jpeg";}s:22:"medicenter-small-thumb";a:4:{s:4:"file";s:20:"image_04-100x100.jpg";s:5:"width";i:100;s:6:"height";i:100;s:9:"mime-type";s:10:"image/jpeg";}}s:10:"image_meta";a:12:{s:8:"aperture";s:1:"0";s:6:"credit";s:0:"";s:6:"camera";s:0:"";s:7:"caption";s:0:"";s:17:"created_timestamp";s:1:"0";s:9:"copyright";s:0:"";s:12:"focal_length";s:1:"0";s:3:"iso";s:1:"0";s:13:"shutter_speed";s:1:"0";s:5:"title";s:0:"";s:11:"orientation";s:1:"0";s:8:"keywords";a:0:{}}}]]></wp:meta_value>
		</wp:postmeta>
	</item>
	<item>
		<title>image_05</title>
		<link>http://quanticalabs.com/wptest/medicenter-new/image_05/</link>
		<pubDate>Thu, 05 Jan 2017 14:01:44 +0000</pubDate>
		<dc:creator><![CDATA[admin]]></dc:creator>
		<guid isPermaLink="false">http://quanticalabs.com/wptest/medicenter-new/files/2017/01/image_05.jpg</guid>
		<description></description>
		<content:encoded><![CDATA[]]></content:encoded>
		<excerpt:encoded><![CDATA[]]></excerpt:encoded>
		<wp:post_id>3215</wp:post_id>
		<wp:post_date><![CDATA[2017-01-05 14:01:44]]></wp:post_date>
		<wp:post_date_gmt><![CDATA[2017-01-05 14:01:44]]></wp:post_date_gmt>
		<wp:comment_status><![CDATA[open]]></wp:comment_status>
		<wp:ping_status><![CDATA[closed]]></wp:ping_status>
		<wp:post_name><![CDATA[image_05]]></wp:post_name>
		<wp:status><![CDATA[inherit]]></wp:status>
		<wp:post_parent>0</wp:post_parent>
		<wp:menu_order>0</wp:menu_order>
		<wp:post_type><![CDATA[attachment]]></wp:post_type>
		<wp:post_password><![CDATA[]]></wp:post_password>
		<wp:is_sticky>0</wp:is_sticky>
		<wp:attachment_url><![CDATA[http://quanticalabs.com/wptest/medicenter-new/files/2017/01/image_05.jpg]]></wp:attachment_url>
		<wp:postmeta>
			<wp:meta_key><![CDATA[_wp_attached_file]]></wp:meta_key>
			<wp:meta_value><![CDATA[2017/01/image_05.jpg]]></wp:meta_value>
		</wp:postmeta>
		<wp:postmeta>
			<wp:meta_key><![CDATA[_wp_attachment_metadata]]></wp:meta_key>
			<wp:meta_value><![CDATA[a:5:{s:5:"width";i:800;s:6:"height";i:600;s:4:"file";s:20:"2017/01/image_05.jpg";s:5:"sizes";a:8:{s:9:"thumbnail";a:4:{s:4:"file";s:20:"image_05-150x150.jpg";s:5:"width";i:150;s:6:"height";i:150;s:9:"mime-type";s:10:"image/jpeg";}s:6:"medium";a:4:{s:4:"file";s:20:"image_05-300x225.jpg";s:5:"width";i:300;s:6:"height";i:225;s:9:"mime-type";s:10:"image/jpeg";}s:12:"medium_large";a:4:{s:4:"file";s:20:"image_05-768x576.jpg";s:5:"width";i:768;s:6:"height";i:576;s:9:"mime-type";s:10:"image/jpeg";}s:15:"blog-post-thumb";a:4:{s:4:"file";s:20:"image_05-670x446.jpg";s:5:"width";i:670;s:6:"height";i:446;s:9:"mime-type";s:10:"image/jpeg";}s:24:"medicenter-gallery-image";a:4:{s:4:"file";s:20:"image_05-600x400.jpg";s:5:"width";i:600;s:6:"height";i:400;s:9:"mime-type";s:10:"image/jpeg";}s:31:"medicenter-gallery-thumb-type-1";a:4:{s:4:"file";s:20:"image_05-390x260.jpg";s:5:"width";i:390;s:6:"height";i:260;s:9:"mime-type";s:10:"image/jpeg";}s:31:"medicenter-gallery-thumb-type-2";a:4:{s:4:"file";s:20:"image_05-285x190.jpg";s:5:"width";i:285;s:6:"height";i:190;s:9:"mime-type";s:10:"image/jpeg";}s:22:"medicenter-small-thumb";a:4:{s:4:"file";s:20:"image_05-100x100.jpg";s:5:"width";i:100;s:6:"height";i:100;s:9:"mime-type";s:10:"image/jpeg";}}s:10:"image_meta";a:12:{s:8:"aperture";s:1:"0";s:6:"credit";s:0:"";s:6:"camera";s:0:"";s:7:"caption";s:0:"";s:17:"created_timestamp";s:1:"0";s:9:"copyright";s:0:"";s:12:"focal_length";s:1:"0";s:3:"iso";s:1:"0";s:13:"shutter_speed";s:1:"0";s:5:"title";s:0:"";s:11:"orientation";s:1:"0";s:8:"keywords";a:0:{}}}]]></wp:meta_value>
		</wp:postmeta>
	</item>
	<item>
		<title>image_06</title>
		<link>http://quanticalabs.com/wptest/medicenter-new/image_06/</link>
		<pubDate>Thu, 05 Jan 2017 14:01:45 +0000</pubDate>
		<dc:creator><![CDATA[admin]]></dc:creator>
		<guid isPermaLink="false">http://quanticalabs.com/wptest/medicenter-new/files/2017/01/image_06.jpg</guid>
		<description></description>
		<content:encoded><![CDATA[]]></content:encoded>
		<excerpt:encoded><![CDATA[]]></excerpt:encoded>
		<wp:post_id>3216</wp:post_id>
		<wp:post_date><![CDATA[2017-01-05 14:01:45]]></wp:post_date>
		<wp:post_date_gmt><![CDATA[2017-01-05 14:01:45]]></wp:post_date_gmt>
		<wp:comment_status><![CDATA[open]]></wp:comment_status>
		<wp:ping_status><![CDATA[closed]]></wp:ping_status>
		<wp:post_name><![CDATA[image_06]]></wp:post_name>
		<wp:status><![CDATA[inherit]]></wp:status>
		<wp:post_parent>0</wp:post_parent>
		<wp:menu_order>0</wp:menu_order>
		<wp:post_type><![CDATA[attachment]]></wp:post_type>
		<wp:post_password><![CDATA[]]></wp:post_password>
		<wp:is_sticky>0</wp:is_sticky>
		<wp:attachment_url><![CDATA[http://quanticalabs.com/wptest/medicenter-new/files/2017/01/image_06.jpg]]></wp:attachment_url>
		<wp:postmeta>
			<wp:meta_key><![CDATA[_wp_attached_file]]></wp:meta_key>
			<wp:meta_value><![CDATA[2017/01/image_06.jpg]]></wp:meta_value>
		</wp:postmeta>
		<wp:postmeta>
			<wp:meta_key><![CDATA[_wp_attachment_metadata]]></wp:meta_key>
			<wp:meta_value><![CDATA[a:5:{s:5:"width";i:800;s:6:"height";i:600;s:4:"file";s:20:"2017/01/image_06.jpg";s:5:"sizes";a:8:{s:9:"thumbnail";a:4:{s:4:"file";s:20:"image_06-150x150.jpg";s:5:"width";i:150;s:6:"height";i:150;s:9:"mime-type";s:10:"image/jpeg";}s:6:"medium";a:4:{s:4:"file";s:20:"image_06-300x225.jpg";s:5:"width";i:300;s:6:"height";i:225;s:9:"mime-type";s:10:"image/jpeg";}s:12:"medium_large";a:4:{s:4:"file";s:20:"image_06-768x576.jpg";s:5:"width";i:768;s:6:"height";i:576;s:9:"mime-type";s:10:"image/jpeg";}s:15:"blog-post-thumb";a:4:{s:4:"file";s:20:"image_06-670x446.jpg";s:5:"width";i:670;s:6:"height";i:446;s:9:"mime-type";s:10:"image/jpeg";}s:24:"medicenter-gallery-image";a:4:{s:4:"file";s:20:"image_06-600x400.jpg";s:5:"width";i:600;s:6:"height";i:400;s:9:"mime-type";s:10:"image/jpeg";}s:31:"medicenter-gallery-thumb-type-1";a:4:{s:4:"file";s:20:"image_06-390x260.jpg";s:5:"width";i:390;s:6:"height";i:260;s:9:"mime-type";s:10:"image/jpeg";}s:31:"medicenter-gallery-thumb-type-2";a:4:{s:4:"file";s:20:"image_06-285x190.jpg";s:5:"width";i:285;s:6:"height";i:190;s:9:"mime-type";s:10:"image/jpeg";}s:22:"medicenter-small-thumb";a:4:{s:4:"file";s:20:"image_06-100x100.jpg";s:5:"width";i:100;s:6:"height";i:100;s:9:"mime-type";s:10:"image/jpeg";}}s:10:"image_meta";a:12:{s:8:"aperture";s:1:"0";s:6:"credit";s:0:"";s:6:"camera";s:0:"";s:7:"caption";s:0:"";s:17:"created_timestamp";s:1:"0";s:9:"copyright";s:0:"";s:12:"focal_length";s:1:"0";s:3:"iso";s:1:"0";s:13:"shutter_speed";s:1:"0";s:5:"title";s:0:"";s:11:"orientation";s:1:"0";s:8:"keywords";a:0:{}}}]]></wp:meta_value>
		</wp:postmeta>
	</item>
	<item>
		<title>image_07</title>
		<link>http://quanticalabs.com/wptest/medicenter-new/image_07/</link>
		<pubDate>Thu, 05 Jan 2017 14:01:46 +0000</pubDate>
		<dc:creator><![CDATA[admin]]></dc:creator>
		<guid isPermaLink="false">http://quanticalabs.com/wptest/medicenter-new/files/2017/01/image_07.jpg</guid>
		<description></description>
		<content:encoded><![CDATA[]]></content:encoded>
		<excerpt:encoded><![CDATA[]]></excerpt:encoded>
		<wp:post_id>3217</wp:post_id>
		<wp:post_date><![CDATA[2017-01-05 14:01:46]]></wp:post_date>
		<wp:post_date_gmt><![CDATA[2017-01-05 14:01:46]]></wp:post_date_gmt>
		<wp:comment_status><![CDATA[open]]></wp:comment_status>
		<wp:ping_status><![CDATA[closed]]></wp:ping_status>
		<wp:post_name><![CDATA[image_07]]></wp:post_name>
		<wp:status><![CDATA[inherit]]></wp:status>
		<wp:post_parent>0</wp:post_parent>
		<wp:menu_order>0</wp:menu_order>
		<wp:post_type><![CDATA[attachment]]></wp:post_type>
		<wp:post_password><![CDATA[]]></wp:post_password>
		<wp:is_sticky>0</wp:is_sticky>
		<wp:attachment_url><![CDATA[http://quanticalabs.com/wptest/medicenter-new/files/2017/01/image_07.jpg]]></wp:attachment_url>
		<wp:postmeta>
			<wp:meta_key><![CDATA[_wp_attached_file]]></wp:meta_key>
			<wp:meta_value><![CDATA[2017/01/image_07.jpg]]></wp:meta_value>
		</wp:postmeta>
		<wp:postmeta>
			<wp:meta_key><![CDATA[_wp_attachment_metadata]]></wp:meta_key>
			<wp:meta_value><![CDATA[a:5:{s:5:"width";i:612;s:6:"height";i:612;s:4:"file";s:20:"2017/01/image_07.jpg";s:5:"sizes";a:7:{s:9:"thumbnail";a:4:{s:4:"file";s:20:"image_07-150x150.jpg";s:5:"width";i:150;s:6:"height";i:150;s:9:"mime-type";s:10:"image/jpeg";}s:6:"medium";a:4:{s:4:"file";s:20:"image_07-300x300.jpg";s:5:"width";i:300;s:6:"height";i:300;s:9:"mime-type";s:10:"image/jpeg";}s:15:"blog-post-thumb";a:4:{s:4:"file";s:20:"image_07-612x446.jpg";s:5:"width";i:612;s:6:"height";i:446;s:9:"mime-type";s:10:"image/jpeg";}s:24:"medicenter-gallery-image";a:4:{s:4:"file";s:20:"image_07-600x400.jpg";s:5:"width";i:600;s:6:"height";i:400;s:9:"mime-type";s:10:"image/jpeg";}s:31:"medicenter-gallery-thumb-type-1";a:4:{s:4:"file";s:20:"image_07-390x260.jpg";s:5:"width";i:390;s:6:"height";i:260;s:9:"mime-type";s:10:"image/jpeg";}s:31:"medicenter-gallery-thumb-type-2";a:4:{s:4:"file";s:20:"image_07-285x190.jpg";s:5:"width";i:285;s:6:"height";i:190;s:9:"mime-type";s:10:"image/jpeg";}s:22:"medicenter-small-thumb";a:4:{s:4:"file";s:20:"image_07-100x100.jpg";s:5:"width";i:100;s:6:"height";i:100;s:9:"mime-type";s:10:"image/jpeg";}}s:10:"image_meta";a:12:{s:8:"aperture";s:1:"0";s:6:"credit";s:0:"";s:6:"camera";s:0:"";s:7:"caption";s:0:"";s:17:"created_timestamp";s:1:"0";s:9:"copyright";s:0:"";s:12:"focal_length";s:1:"0";s:3:"iso";s:1:"0";s:13:"shutter_speed";s:1:"0";s:5:"title";s:0:"";s:11:"orientation";s:1:"0";s:8:"keywords";a:0:{}}}]]></wp:meta_value>
		</wp:postmeta>
	</item>
	<item>
		<title>image_08</title>
		<link>http://quanticalabs.com/wptest/medicenter-new/image_08/</link>
		<pubDate>Thu, 05 Jan 2017 14:01:47 +0000</pubDate>
		<dc:creator><![CDATA[admin]]></dc:creator>
		<guid isPermaLink="false">http://quanticalabs.com/wptest/medicenter-new/files/2017/01/image_08.jpg</guid>
		<description></description>
		<content:encoded><![CDATA[]]></content:encoded>
		<excerpt:encoded><![CDATA[]]></excerpt:encoded>
		<wp:post_id>3218</wp:post_id>
		<wp:post_date><![CDATA[2017-01-05 14:01:47]]></wp:post_date>
		<wp:post_date_gmt><![CDATA[2017-01-05 14:01:47]]></wp:post_date_gmt>
		<wp:comment_status><![CDATA[open]]></wp:comment_status>
		<wp:ping_status><![CDATA[closed]]></wp:ping_status>
		<wp:post_name><![CDATA[image_08]]></wp:post_name>
		<wp:status><![CDATA[inherit]]></wp:status>
		<wp:post_parent>0</wp:post_parent>
		<wp:menu_order>0</wp:menu_order>
		<wp:post_type><![CDATA[attachment]]></wp:post_type>
		<wp:post_password><![CDATA[]]></wp:post_password>
		<wp:is_sticky>0</wp:is_sticky>
		<wp:attachment_url><![CDATA[http://quanticalabs.com/wptest/medicenter-new/files/2017/01/image_08.jpg]]></wp:attachment_url>
		<wp:postmeta>
			<wp:meta_key><![CDATA[_wp_attached_file]]></wp:meta_key>
			<wp:meta_value><![CDATA[2017/01/image_08.jpg]]></wp:meta_value>
		</wp:postmeta>
		<wp:postmeta>
			<wp:meta_key><![CDATA[_wp_attachment_metadata]]></wp:meta_key>
			<wp:meta_value><![CDATA[a:5:{s:5:"width";i:800;s:6:"height";i:600;s:4:"file";s:20:"2017/01/image_08.jpg";s:5:"sizes";a:8:{s:9:"thumbnail";a:4:{s:4:"file";s:20:"image_08-150x150.jpg";s:5:"width";i:150;s:6:"height";i:150;s:9:"mime-type";s:10:"image/jpeg";}s:6:"medium";a:4:{s:4:"file";s:20:"image_08-300x225.jpg";s:5:"width";i:300;s:6:"height";i:225;s:9:"mime-type";s:10:"image/jpeg";}s:12:"medium_large";a:4:{s:4:"file";s:20:"image_08-768x576.jpg";s:5:"width";i:768;s:6:"height";i:576;s:9:"mime-type";s:10:"image/jpeg";}s:15:"blog-post-thumb";a:4:{s:4:"file";s:20:"image_08-670x446.jpg";s:5:"width";i:670;s:6:"height";i:446;s:9:"mime-type";s:10:"image/jpeg";}s:24:"medicenter-gallery-image";a:4:{s:4:"file";s:20:"image_08-600x400.jpg";s:5:"width";i:600;s:6:"height";i:400;s:9:"mime-type";s:10:"image/jpeg";}s:31:"medicenter-gallery-thumb-type-1";a:4:{s:4:"file";s:20:"image_08-390x260.jpg";s:5:"width";i:390;s:6:"height";i:260;s:9:"mime-type";s:10:"image/jpeg";}s:31:"medicenter-gallery-thumb-type-2";a:4:{s:4:"file";s:20:"image_08-285x190.jpg";s:5:"width";i:285;s:6:"height";i:190;s:9:"mime-type";s:10:"image/jpeg";}s:22:"medicenter-small-thumb";a:4:{s:4:"file";s:20:"image_08-100x100.jpg";s:5:"width";i:100;s:6:"height";i:100;s:9:"mime-type";s:10:"image/jpeg";}}s:10:"image_meta";a:12:{s:8:"aperture";s:1:"0";s:6:"credit";s:0:"";s:6:"camera";s:0:"";s:7:"caption";s:0:"";s:17:"created_timestamp";s:1:"0";s:9:"copyright";s:0:"";s:12:"focal_length";s:1:"0";s:3:"iso";s:1:"0";s:13:"shutter_speed";s:1:"0";s:5:"title";s:0:"";s:11:"orientation";s:1:"0";s:8:"keywords";a:0:{}}}]]></wp:meta_value>
		</wp:postmeta>
	</item>
	<item>
		<title>image_11</title>
		<link>http://quanticalabs.com/wptest/medicenter-new/2016/02/27/biosimilars-create-opportunities-for-sustainable-cancer-care/image_11/</link>
		<pubDate>Thu, 05 Jan 2017 14:36:27 +0000</pubDate>
		<dc:creator><![CDATA[admin]]></dc:creator>
		<guid isPermaLink="false">http://quanticalabs.com/wptest/medicenter-new/files/2012/02/image_11.jpg</guid>
		<description></description>
		<content:encoded><![CDATA[]]></content:encoded>
		<excerpt:encoded><![CDATA[]]></excerpt:encoded>
		<wp:post_id>3226</wp:post_id>
		<wp:post_date><![CDATA[2017-01-05 14:36:27]]></wp:post_date>
		<wp:post_date_gmt><![CDATA[2017-01-05 14:36:27]]></wp:post_date_gmt>
		<wp:comment_status><![CDATA[open]]></wp:comment_status>
		<wp:ping_status><![CDATA[closed]]></wp:ping_status>
		<wp:post_name><![CDATA[image_11]]></wp:post_name>
		<wp:status><![CDATA[inherit]]></wp:status>
		<wp:post_parent>48</wp:post_parent>
		<wp:menu_order>0</wp:menu_order>
		<wp:post_type><![CDATA[attachment]]></wp:post_type>
		<wp:post_password><![CDATA[]]></wp:post_password>
		<wp:is_sticky>0</wp:is_sticky>
		<wp:attachment_url><![CDATA[http://quanticalabs.com/wptest/medicenter-new/files/2012/02/image_11.jpg]]></wp:attachment_url>
		<wp:postmeta>
			<wp:meta_key><![CDATA[_wp_attached_file]]></wp:meta_key>
			<wp:meta_value><![CDATA[2012/02/image_11.jpg]]></wp:meta_value>
		</wp:postmeta>
		<wp:postmeta>
			<wp:meta_key><![CDATA[_wp_attachment_metadata]]></wp:meta_key>
			<wp:meta_value><![CDATA[a:5:{s:5:"width";i:800;s:6:"height";i:600;s:4:"file";s:20:"2012/02/image_11.jpg";s:5:"sizes";a:8:{s:9:"thumbnail";a:4:{s:4:"file";s:20:"image_11-150x150.jpg";s:5:"width";i:150;s:6:"height";i:150;s:9:"mime-type";s:10:"image/jpeg";}s:6:"medium";a:4:{s:4:"file";s:20:"image_11-300x225.jpg";s:5:"width";i:300;s:6:"height";i:225;s:9:"mime-type";s:10:"image/jpeg";}s:12:"medium_large";a:4:{s:4:"file";s:20:"image_11-768x576.jpg";s:5:"width";i:768;s:6:"height";i:576;s:9:"mime-type";s:10:"image/jpeg";}s:15:"blog-post-thumb";a:4:{s:4:"file";s:20:"image_11-670x446.jpg";s:5:"width";i:670;s:6:"height";i:446;s:9:"mime-type";s:10:"image/jpeg";}s:24:"medicenter-gallery-image";a:4:{s:4:"file";s:20:"image_11-600x400.jpg";s:5:"width";i:600;s:6:"height";i:400;s:9:"mime-type";s:10:"image/jpeg";}s:31:"medicenter-gallery-thumb-type-1";a:4:{s:4:"file";s:20:"image_11-390x260.jpg";s:5:"width";i:390;s:6:"height";i:260;s:9:"mime-type";s:10:"image/jpeg";}s:31:"medicenter-gallery-thumb-type-2";a:4:{s:4:"file";s:20:"image_11-285x190.jpg";s:5:"width";i:285;s:6:"height";i:190;s:9:"mime-type";s:10:"image/jpeg";}s:22:"medicenter-small-thumb";a:4:{s:4:"file";s:20:"image_11-100x100.jpg";s:5:"width";i:100;s:6:"height";i:100;s:9:"mime-type";s:10:"image/jpeg";}}s:10:"image_meta";a:12:{s:8:"aperture";s:1:"0";s:6:"credit";s:0:"";s:6:"camera";s:0:"";s:7:"caption";s:0:"";s:17:"created_timestamp";s:1:"0";s:9:"copyright";s:0:"";s:12:"focal_length";s:1:"0";s:3:"iso";s:1:"0";s:13:"shutter_speed";s:1:"0";s:5:"title";s:0:"";s:11:"orientation";s:1:"0";s:8:"keywords";a:0:{}}}]]></wp:meta_value>
		</wp:postmeta>
	</item>
	<item>
		<title>image_09</title>
		<link>http://quanticalabs.com/wptest/medicenter-new/2016/02/27/biosimilars-create-opportunities-for-sustainable-cancer-care/image_09/</link>
		<pubDate>Thu, 05 Jan 2017 14:36:29 +0000</pubDate>
		<dc:creator><![CDATA[admin]]></dc:creator>
		<guid isPermaLink="false">http://quanticalabs.com/wptest/medicenter-new/files/2012/02/image_09.jpg</guid>
		<description></description>
		<content:encoded><![CDATA[]]></content:encoded>
		<excerpt:encoded><![CDATA[]]></excerpt:encoded>
		<wp:post_id>3227</wp:post_id>
		<wp:post_date><![CDATA[2017-01-05 14:36:29]]></wp:post_date>
		<wp:post_date_gmt><![CDATA[2017-01-05 14:36:29]]></wp:post_date_gmt>
		<wp:comment_status><![CDATA[open]]></wp:comment_status>
		<wp:ping_status><![CDATA[closed]]></wp:ping_status>
		<wp:post_name><![CDATA[image_09]]></wp:post_name>
		<wp:status><![CDATA[inherit]]></wp:status>
		<wp:post_parent>48</wp:post_parent>
		<wp:menu_order>0</wp:menu_order>
		<wp:post_type><![CDATA[attachment]]></wp:post_type>
		<wp:post_password><![CDATA[]]></wp:post_password>
		<wp:is_sticky>0</wp:is_sticky>
		<wp:attachment_url><![CDATA[http://quanticalabs.com/wptest/medicenter-new/files/2012/02/image_09.jpg]]></wp:attachment_url>
		<wp:postmeta>
			<wp:meta_key><![CDATA[_wp_attached_file]]></wp:meta_key>
			<wp:meta_value><![CDATA[2012/02/image_09.jpg]]></wp:meta_value>
		</wp:postmeta>
		<wp:postmeta>
			<wp:meta_key><![CDATA[_wp_attachment_metadata]]></wp:meta_key>
			<wp:meta_value><![CDATA[a:5:{s:5:"width";i:800;s:6:"height";i:600;s:4:"file";s:20:"2012/02/image_09.jpg";s:5:"sizes";a:8:{s:9:"thumbnail";a:4:{s:4:"file";s:20:"image_09-150x150.jpg";s:5:"width";i:150;s:6:"height";i:150;s:9:"mime-type";s:10:"image/jpeg";}s:6:"medium";a:4:{s:4:"file";s:20:"image_09-300x225.jpg";s:5:"width";i:300;s:6:"height";i:225;s:9:"mime-type";s:10:"image/jpeg";}s:12:"medium_large";a:4:{s:4:"file";s:20:"image_09-768x576.jpg";s:5:"width";i:768;s:6:"height";i:576;s:9:"mime-type";s:10:"image/jpeg";}s:15:"blog-post-thumb";a:4:{s:4:"file";s:20:"image_09-670x446.jpg";s:5:"width";i:670;s:6:"height";i:446;s:9:"mime-type";s:10:"image/jpeg";}s:24:"medicenter-gallery-image";a:4:{s:4:"file";s:20:"image_09-600x400.jpg";s:5:"width";i:600;s:6:"height";i:400;s:9:"mime-type";s:10:"image/jpeg";}s:31:"medicenter-gallery-thumb-type-1";a:4:{s:4:"file";s:20:"image_09-390x260.jpg";s:5:"width";i:390;s:6:"height";i:260;s:9:"mime-type";s:10:"image/jpeg";}s:31:"medicenter-gallery-thumb-type-2";a:4:{s:4:"file";s:20:"image_09-285x190.jpg";s:5:"width";i:285;s:6:"height";i:190;s:9:"mime-type";s:10:"image/jpeg";}s:22:"medicenter-small-thumb";a:4:{s:4:"file";s:20:"image_09-100x100.jpg";s:5:"width";i:100;s:6:"height";i:100;s:9:"mime-type";s:10:"image/jpeg";}}s:10:"image_meta";a:12:{s:8:"aperture";s:1:"0";s:6:"credit";s:0:"";s:6:"camera";s:0:"";s:7:"caption";s:0:"";s:17:"created_timestamp";s:1:"0";s:9:"copyright";s:0:"";s:12:"focal_length";s:1:"0";s:3:"iso";s:1:"0";s:13:"shutter_speed";s:1:"0";s:5:"title";s:0:"";s:11:"orientation";s:1:"0";s:8:"keywords";a:0:{}}}]]></wp:meta_value>
		</wp:postmeta>
	</item>
	<item>
		<title>image_10</title>
		<link>http://quanticalabs.com/wptest/medicenter-new/2016/02/27/biosimilars-create-opportunities-for-sustainable-cancer-care/image_10/</link>
		<pubDate>Thu, 05 Jan 2017 14:36:30 +0000</pubDate>
		<dc:creator><![CDATA[admin]]></dc:creator>
		<guid isPermaLink="false">http://quanticalabs.com/wptest/medicenter-new/files/2012/02/image_10.jpg</guid>
		<description></description>
		<content:encoded><![CDATA[]]></content:encoded>
		<excerpt:encoded><![CDATA[]]></excerpt:encoded>
		<wp:post_id>3228</wp:post_id>
		<wp:post_date><![CDATA[2017-01-05 14:36:30]]></wp:post_date>
		<wp:post_date_gmt><![CDATA[2017-01-05 14:36:30]]></wp:post_date_gmt>
		<wp:comment_status><![CDATA[open]]></wp:comment_status>
		<wp:ping_status><![CDATA[closed]]></wp:ping_status>
		<wp:post_name><![CDATA[image_10]]></wp:post_name>
		<wp:status><![CDATA[inherit]]></wp:status>
		<wp:post_parent>48</wp:post_parent>
		<wp:menu_order>0</wp:menu_order>
		<wp:post_type><![CDATA[attachment]]></wp:post_type>
		<wp:post_password><![CDATA[]]></wp:post_password>
		<wp:is_sticky>0</wp:is_sticky>
		<wp:attachment_url><![CDATA[http://quanticalabs.com/wptest/medicenter-new/files/2012/02/image_10.jpg]]></wp:attachment_url>
		<wp:postmeta>
			<wp:meta_key><![CDATA[_wp_attached_file]]></wp:meta_key>
			<wp:meta_value><![CDATA[2012/02/image_10.jpg]]></wp:meta_value>
		</wp:postmeta>
		<wp:postmeta>
			<wp:meta_key><![CDATA[_wp_attachment_metadata]]></wp:meta_key>
			<wp:meta_value><![CDATA[a:5:{s:5:"width";i:800;s:6:"height";i:600;s:4:"file";s:20:"2012/02/image_10.jpg";s:5:"sizes";a:8:{s:9:"thumbnail";a:4:{s:4:"file";s:20:"image_10-150x150.jpg";s:5:"width";i:150;s:6:"height";i:150;s:9:"mime-type";s:10:"image/jpeg";}s:6:"medium";a:4:{s:4:"file";s:20:"image_10-300x225.jpg";s:5:"width";i:300;s:6:"height";i:225;s:9:"mime-type";s:10:"image/jpeg";}s:12:"medium_large";a:4:{s:4:"file";s:20:"image_10-768x576.jpg";s:5:"width";i:768;s:6:"height";i:576;s:9:"mime-type";s:10:"image/jpeg";}s:15:"blog-post-thumb";a:4:{s:4:"file";s:20:"image_10-670x446.jpg";s:5:"width";i:670;s:6:"height";i:446;s:9:"mime-type";s:10:"image/jpeg";}s:24:"medicenter-gallery-image";a:4:{s:4:"file";s:20:"image_10-600x400.jpg";s:5:"width";i:600;s:6:"height";i:400;s:9:"mime-type";s:10:"image/jpeg";}s:31:"medicenter-gallery-thumb-type-1";a:4:{s:4:"file";s:20:"image_10-390x260.jpg";s:5:"width";i:390;s:6:"height";i:260;s:9:"mime-type";s:10:"image/jpeg";}s:31:"medicenter-gallery-thumb-type-2";a:4:{s:4:"file";s:20:"image_10-285x190.jpg";s:5:"width";i:285;s:6:"height";i:190;s:9:"mime-type";s:10:"image/jpeg";}s:22:"medicenter-small-thumb";a:4:{s:4:"file";s:20:"image_10-100x100.jpg";s:5:"width";i:100;s:6:"height";i:100;s:9:"mime-type";s:10:"image/jpeg";}}s:10:"image_meta";a:12:{s:8:"aperture";s:1:"0";s:6:"credit";s:0:"";s:6:"camera";s:0:"";s:7:"caption";s:0:"";s:17:"created_timestamp";s:1:"0";s:9:"copyright";s:0:"";s:12:"focal_length";s:1:"0";s:3:"iso";s:1:"0";s:13:"shutter_speed";s:1:"0";s:5:"title";s:0:"";s:11:"orientation";s:1:"0";s:8:"keywords";a:0:{}}}]]></wp:meta_value>
		</wp:postmeta>
	</item>
	<item>
		<title>slider_01</title>
		<link>http://quanticalabs.com/wptest/medicenter-new/slider_01/</link>
		<pubDate>Wed, 18 Jan 2017 10:37:40 +0000</pubDate>
		<dc:creator><![CDATA[admin]]></dc:creator>
		<guid isPermaLink="false">http://quanticalabs.com/wptest/medicenter-new/files/2017/01/slider_01.jpg</guid>
		<description></description>
		<content:encoded><![CDATA[]]></content:encoded>
		<excerpt:encoded><![CDATA[]]></excerpt:encoded>
		<wp:post_id>3261</wp:post_id>
		<wp:post_date><![CDATA[2017-01-18 10:37:40]]></wp:post_date>
		<wp:post_date_gmt><![CDATA[2017-01-18 10:37:40]]></wp:post_date_gmt>
		<wp:comment_status><![CDATA[open]]></wp:comment_status>
		<wp:ping_status><![CDATA[closed]]></wp:ping_status>
		<wp:post_name><![CDATA[slider_01]]></wp:post_name>
		<wp:status><![CDATA[inherit]]></wp:status>
		<wp:post_parent>0</wp:post_parent>
		<wp:menu_order>0</wp:menu_order>
		<wp:post_type><![CDATA[attachment]]></wp:post_type>
		<wp:post_password><![CDATA[]]></wp:post_password>
		<wp:is_sticky>0</wp:is_sticky>
		<wp:attachment_url><![CDATA[http://quanticalabs.com/wptest/medicenter-new/files/2017/01/slider_01.jpg]]></wp:attachment_url>
		<wp:postmeta>
			<wp:meta_key><![CDATA[_wp_attached_file]]></wp:meta_key>
			<wp:meta_value><![CDATA[2017/01/slider_01.jpg]]></wp:meta_value>
		</wp:postmeta>
		<wp:postmeta>
			<wp:meta_key><![CDATA[_wp_attachment_metadata]]></wp:meta_key>
			<wp:meta_value><![CDATA[a:5:{s:5:"width";i:1920;s:6:"height";i:670;s:4:"file";s:21:"2017/01/slider_01.jpg";s:5:"sizes";a:9:{s:9:"thumbnail";a:4:{s:4:"file";s:21:"slider_01-150x150.jpg";s:5:"width";i:150;s:6:"height";i:150;s:9:"mime-type";s:10:"image/jpeg";}s:6:"medium";a:4:{s:4:"file";s:21:"slider_01-300x105.jpg";s:5:"width";i:300;s:6:"height";i:105;s:9:"mime-type";s:10:"image/jpeg";}s:12:"medium_large";a:4:{s:4:"file";s:21:"slider_01-768x268.jpg";s:5:"width";i:768;s:6:"height";i:268;s:9:"mime-type";s:10:"image/jpeg";}s:5:"large";a:4:{s:4:"file";s:22:"slider_01-1024x357.jpg";s:5:"width";i:1024;s:6:"height";i:357;s:9:"mime-type";s:10:"image/jpeg";}s:15:"blog-post-thumb";a:4:{s:4:"file";s:21:"slider_01-670x446.jpg";s:5:"width";i:670;s:6:"height";i:446;s:9:"mime-type";s:10:"image/jpeg";}s:24:"medicenter-gallery-image";a:4:{s:4:"file";s:21:"slider_01-600x400.jpg";s:5:"width";i:600;s:6:"height";i:400;s:9:"mime-type";s:10:"image/jpeg";}s:31:"medicenter-gallery-thumb-type-1";a:4:{s:4:"file";s:21:"slider_01-390x260.jpg";s:5:"width";i:390;s:6:"height";i:260;s:9:"mime-type";s:10:"image/jpeg";}s:31:"medicenter-gallery-thumb-type-2";a:4:{s:4:"file";s:21:"slider_01-285x190.jpg";s:5:"width";i:285;s:6:"height";i:190;s:9:"mime-type";s:10:"image/jpeg";}s:22:"medicenter-small-thumb";a:4:{s:4:"file";s:21:"slider_01-100x100.jpg";s:5:"width";i:100;s:6:"height";i:100;s:9:"mime-type";s:10:"image/jpeg";}}s:10:"image_meta";a:12:{s:8:"aperture";s:1:"0";s:6:"credit";s:0:"";s:6:"camera";s:0:"";s:7:"caption";s:0:"";s:17:"created_timestamp";s:1:"0";s:9:"copyright";s:0:"";s:12:"focal_length";s:1:"0";s:3:"iso";s:1:"0";s:13:"shutter_speed";s:1:"0";s:5:"title";s:0:"";s:11:"orientation";s:1:"0";s:8:"keywords";a:0:{}}}]]></wp:meta_value>
		</wp:postmeta>
	</item>
	<item>
		<title>slider_02</title>
		<link>http://quanticalabs.com/wptest/medicenter-new/slider_02/</link>
		<pubDate>Wed, 18 Jan 2017 10:39:41 +0000</pubDate>
		<dc:creator><![CDATA[admin]]></dc:creator>
		<guid isPermaLink="false">http://quanticalabs.com/wptest/medicenter-new/files/2017/01/slider_02.jpg</guid>
		<description></description>
		<content:encoded><![CDATA[]]></content:encoded>
		<excerpt:encoded><![CDATA[]]></excerpt:encoded>
		<wp:post_id>3262</wp:post_id>
		<wp:post_date><![CDATA[2017-01-18 10:39:41]]></wp:post_date>
		<wp:post_date_gmt><![CDATA[2017-01-18 10:39:41]]></wp:post_date_gmt>
		<wp:comment_status><![CDATA[open]]></wp:comment_status>
		<wp:ping_status><![CDATA[closed]]></wp:ping_status>
		<wp:post_name><![CDATA[slider_02]]></wp:post_name>
		<wp:status><![CDATA[inherit]]></wp:status>
		<wp:post_parent>0</wp:post_parent>
		<wp:menu_order>0</wp:menu_order>
		<wp:post_type><![CDATA[attachment]]></wp:post_type>
		<wp:post_password><![CDATA[]]></wp:post_password>
		<wp:is_sticky>0</wp:is_sticky>
		<wp:attachment_url><![CDATA[http://quanticalabs.com/wptest/medicenter-new/files/2017/01/slider_02.jpg]]></wp:attachment_url>
		<wp:postmeta>
			<wp:meta_key><![CDATA[_wp_attached_file]]></wp:meta_key>
			<wp:meta_value><![CDATA[2017/01/slider_02.jpg]]></wp:meta_value>
		</wp:postmeta>
		<wp:postmeta>
			<wp:meta_key><![CDATA[_wp_attachment_metadata]]></wp:meta_key>
			<wp:meta_value><![CDATA[a:5:{s:5:"width";i:1920;s:6:"height";i:670;s:4:"file";s:21:"2017/01/slider_02.jpg";s:5:"sizes";a:9:{s:9:"thumbnail";a:4:{s:4:"file";s:21:"slider_02-150x150.jpg";s:5:"width";i:150;s:6:"height";i:150;s:9:"mime-type";s:10:"image/jpeg";}s:6:"medium";a:4:{s:4:"file";s:21:"slider_02-300x105.jpg";s:5:"width";i:300;s:6:"height";i:105;s:9:"mime-type";s:10:"image/jpeg";}s:12:"medium_large";a:4:{s:4:"file";s:21:"slider_02-768x268.jpg";s:5:"width";i:768;s:6:"height";i:268;s:9:"mime-type";s:10:"image/jpeg";}s:5:"large";a:4:{s:4:"file";s:22:"slider_02-1024x357.jpg";s:5:"width";i:1024;s:6:"height";i:357;s:9:"mime-type";s:10:"image/jpeg";}s:15:"blog-post-thumb";a:4:{s:4:"file";s:21:"slider_02-670x446.jpg";s:5:"width";i:670;s:6:"height";i:446;s:9:"mime-type";s:10:"image/jpeg";}s:24:"medicenter-gallery-image";a:4:{s:4:"file";s:21:"slider_02-600x400.jpg";s:5:"width";i:600;s:6:"height";i:400;s:9:"mime-type";s:10:"image/jpeg";}s:31:"medicenter-gallery-thumb-type-1";a:4:{s:4:"file";s:21:"slider_02-390x260.jpg";s:5:"width";i:390;s:6:"height";i:260;s:9:"mime-type";s:10:"image/jpeg";}s:31:"medicenter-gallery-thumb-type-2";a:4:{s:4:"file";s:21:"slider_02-285x190.jpg";s:5:"width";i:285;s:6:"height";i:190;s:9:"mime-type";s:10:"image/jpeg";}s:22:"medicenter-small-thumb";a:4:{s:4:"file";s:21:"slider_02-100x100.jpg";s:5:"width";i:100;s:6:"height";i:100;s:9:"mime-type";s:10:"image/jpeg";}}s:10:"image_meta";a:12:{s:8:"aperture";s:1:"0";s:6:"credit";s:0:"";s:6:"camera";s:0:"";s:7:"caption";s:0:"";s:17:"created_timestamp";s:1:"0";s:9:"copyright";s:0:"";s:12:"focal_length";s:1:"0";s:3:"iso";s:1:"0";s:13:"shutter_speed";s:1:"0";s:5:"title";s:0:"";s:11:"orientation";s:1:"0";s:8:"keywords";a:0:{}}}]]></wp:meta_value>
		</wp:postmeta>
	</item>
	<item>
		<title>slider_03</title>
		<link>http://quanticalabs.com/wptest/medicenter-new/slider_03/</link>
		<pubDate>Wed, 18 Jan 2017 15:12:14 +0000</pubDate>
		<dc:creator><![CDATA[admin]]></dc:creator>
		<guid isPermaLink="false">http://quanticalabs.com/wptest/medicenter-new/files/2017/01/slider_03.jpg</guid>
		<description></description>
		<content:encoded><![CDATA[]]></content:encoded>
		<excerpt:encoded><![CDATA[]]></excerpt:encoded>
		<wp:post_id>3263</wp:post_id>
		<wp:post_date><![CDATA[2017-01-18 15:12:14]]></wp:post_date>
		<wp:post_date_gmt><![CDATA[2017-01-18 15:12:14]]></wp:post_date_gmt>
		<wp:comment_status><![CDATA[open]]></wp:comment_status>
		<wp:ping_status><![CDATA[closed]]></wp:ping_status>
		<wp:post_name><![CDATA[slider_03]]></wp:post_name>
		<wp:status><![CDATA[inherit]]></wp:status>
		<wp:post_parent>0</wp:post_parent>
		<wp:menu_order>0</wp:menu_order>
		<wp:post_type><![CDATA[attachment]]></wp:post_type>
		<wp:post_password><![CDATA[]]></wp:post_password>
		<wp:is_sticky>0</wp:is_sticky>
		<wp:attachment_url><![CDATA[http://quanticalabs.com/wptest/medicenter-new/files/2017/01/slider_03.jpg]]></wp:attachment_url>
		<wp:postmeta>
			<wp:meta_key><![CDATA[_wp_attached_file]]></wp:meta_key>
			<wp:meta_value><![CDATA[2017/01/slider_03.jpg]]></wp:meta_value>
		</wp:postmeta>
		<wp:postmeta>
			<wp:meta_key><![CDATA[_wp_attachment_metadata]]></wp:meta_key>
			<wp:meta_value><![CDATA[a:5:{s:5:"width";i:1920;s:6:"height";i:670;s:4:"file";s:21:"2017/01/slider_03.jpg";s:5:"sizes";a:9:{s:9:"thumbnail";a:4:{s:4:"file";s:21:"slider_03-150x150.jpg";s:5:"width";i:150;s:6:"height";i:150;s:9:"mime-type";s:10:"image/jpeg";}s:6:"medium";a:4:{s:4:"file";s:21:"slider_03-300x105.jpg";s:5:"width";i:300;s:6:"height";i:105;s:9:"mime-type";s:10:"image/jpeg";}s:12:"medium_large";a:4:{s:4:"file";s:21:"slider_03-768x268.jpg";s:5:"width";i:768;s:6:"height";i:268;s:9:"mime-type";s:10:"image/jpeg";}s:5:"large";a:4:{s:4:"file";s:22:"slider_03-1024x357.jpg";s:5:"width";i:1024;s:6:"height";i:357;s:9:"mime-type";s:10:"image/jpeg";}s:15:"blog-post-thumb";a:4:{s:4:"file";s:21:"slider_03-670x446.jpg";s:5:"width";i:670;s:6:"height";i:446;s:9:"mime-type";s:10:"image/jpeg";}s:24:"medicenter-gallery-image";a:4:{s:4:"file";s:21:"slider_03-600x400.jpg";s:5:"width";i:600;s:6:"height";i:400;s:9:"mime-type";s:10:"image/jpeg";}s:31:"medicenter-gallery-thumb-type-1";a:4:{s:4:"file";s:21:"slider_03-390x260.jpg";s:5:"width";i:390;s:6:"height";i:260;s:9:"mime-type";s:10:"image/jpeg";}s:31:"medicenter-gallery-thumb-type-2";a:4:{s:4:"file";s:21:"slider_03-285x190.jpg";s:5:"width";i:285;s:6:"height";i:190;s:9:"mime-type";s:10:"image/jpeg";}s:22:"medicenter-small-thumb";a:4:{s:4:"file";s:21:"slider_03-100x100.jpg";s:5:"width";i:100;s:6:"height";i:100;s:9:"mime-type";s:10:"image/jpeg";}}s:10:"image_meta";a:12:{s:8:"aperture";s:1:"0";s:6:"credit";s:0:"";s:6:"camera";s:0:"";s:7:"caption";s:0:"";s:17:"created_timestamp";s:1:"0";s:9:"copyright";s:0:"";s:12:"focal_length";s:1:"0";s:3:"iso";s:1:"0";s:13:"shutter_speed";s:1:"0";s:5:"title";s:0:"";s:11:"orientation";s:1:"0";s:8:"keywords";a:0:{}}}]]></wp:meta_value>
		</wp:postmeta>
	</item>
	<item>
		<title>placeholder</title>
		<link>http://quanticalabs.com/wptest/medicenter-new/placeholder/</link>
		<pubDate>Wed, 24 Oct 2018 12:54:31 +0000</pubDate>
		<dc:creator><![CDATA[admin]]></dc:creator>
		<guid isPermaLink="false">http://quanticalabs.com/wptest/medicenter-new/files/2018/10/placeholder.jpg</guid>
		<description></description>
		<content:encoded><![CDATA[]]></content:encoded>
		<excerpt:encoded><![CDATA[]]></excerpt:encoded>
		<wp:post_id>3750</wp:post_id>
		<wp:post_date><![CDATA[2018-10-24 12:54:31]]></wp:post_date>
		<wp:post_date_gmt><![CDATA[2018-10-24 12:54:31]]></wp:post_date_gmt>
		<wp:comment_status><![CDATA[open]]></wp:comment_status>
		<wp:ping_status><![CDATA[closed]]></wp:ping_status>
		<wp:post_name><![CDATA[placeholder]]></wp:post_name>
		<wp:status><![CDATA[inherit]]></wp:status>
		<wp:post_parent>0</wp:post_parent>
		<wp:menu_order>0</wp:menu_order>
		<wp:post_type><![CDATA[attachment]]></wp:post_type>
		<wp:post_password><![CDATA[]]></wp:post_password>
		<wp:is_sticky>0</wp:is_sticky>
		<wp:attachment_url><![CDATA[http://quanticalabs.com/wptest/medicenter-new/files/2018/10/placeholder.jpg]]></wp:attachment_url>
		<wp:postmeta>
			<wp:meta_key><![CDATA[_wp_attached_file]]></wp:meta_key>
			<wp:meta_value><![CDATA[2018/10/placeholder.jpg]]></wp:meta_value>
		</wp:postmeta>
		<wp:postmeta>
			<wp:meta_key><![CDATA[_wp_attachment_metadata]]></wp:meta_key>
			<wp:meta_value><![CDATA[a:5:{s:5:"width";i:1920;s:6:"height";i:1200;s:4:"file";s:23:"2018/10/placeholder.jpg";s:5:"sizes";a:12:{s:9:"thumbnail";a:4:{s:4:"file";s:23:"placeholder-150x150.jpg";s:5:"width";i:150;s:6:"height";i:150;s:9:"mime-type";s:10:"image/jpeg";}s:6:"medium";a:4:{s:4:"file";s:23:"placeholder-300x188.jpg";s:5:"width";i:300;s:6:"height";i:188;s:9:"mime-type";s:10:"image/jpeg";}s:12:"medium_large";a:4:{s:4:"file";s:23:"placeholder-768x480.jpg";s:5:"width";i:768;s:6:"height";i:480;s:9:"mime-type";s:10:"image/jpeg";}s:5:"large";a:4:{s:4:"file";s:24:"placeholder-1024x640.jpg";s:5:"width";i:1024;s:6:"height";i:640;s:9:"mime-type";s:10:"image/jpeg";}s:14:"shop_thumbnail";a:4:{s:4:"file";s:23:"placeholder-180x180.jpg";s:5:"width";i:180;s:6:"height";i:180;s:9:"mime-type";s:10:"image/jpeg";}s:12:"shop_catalog";a:4:{s:4:"file";s:23:"placeholder-300x300.jpg";s:5:"width";i:300;s:6:"height";i:300;s:9:"mime-type";s:10:"image/jpeg";}s:11:"shop_single";a:4:{s:4:"file";s:23:"placeholder-600x600.jpg";s:5:"width";i:600;s:6:"height";i:600;s:9:"mime-type";s:10:"image/jpeg";}s:15:"blog-post-thumb";a:4:{s:4:"file";s:23:"placeholder-670x446.jpg";s:5:"width";i:670;s:6:"height";i:446;s:9:"mime-type";s:10:"image/jpeg";}s:24:"medicenter-gallery-image";a:4:{s:4:"file";s:23:"placeholder-600x400.jpg";s:5:"width";i:600;s:6:"height";i:400;s:9:"mime-type";s:10:"image/jpeg";}s:31:"medicenter-gallery-thumb-type-1";a:4:{s:4:"file";s:23:"placeholder-390x260.jpg";s:5:"width";i:390;s:6:"height";i:260;s:9:"mime-type";s:10:"image/jpeg";}s:31:"medicenter-gallery-thumb-type-2";a:4:{s:4:"file";s:23:"placeholder-285x190.jpg";s:5:"width";i:285;s:6:"height";i:190;s:9:"mime-type";s:10:"image/jpeg";}s:22:"medicenter-small-thumb";a:4:{s:4:"file";s:23:"placeholder-100x100.jpg";s:5:"width";i:100;s:6:"height";i:100;s:9:"mime-type";s:10:"image/jpeg";}}s:10:"image_meta";a:12:{s:8:"aperture";s:1:"0";s:6:"credit";s:0:"";s:6:"camera";s:0:"";s:7:"caption";s:0:"";s:17:"created_timestamp";s:1:"0";s:9:"copyright";s:0:"";s:12:"focal_length";s:1:"0";s:3:"iso";s:1:"0";s:13:"shutter_speed";s:1:"0";s:5:"title";s:0:"";s:11:"orientation";s:1:"0";s:8:"keywords";a:0:{}}}]]></wp:meta_value>
		</wp:postmeta>
	</item>
	<item>
		<title>logo_01</title>
		<link>http://quanticalabs.com/wptest/medicenter-new/logo_01/</link>
		<pubDate>Wed, 24 Oct 2018 13:59:27 +0000</pubDate>
		<dc:creator><![CDATA[admin]]></dc:creator>
		<guid isPermaLink="false">http://quanticalabs.com/wptest/medicenter-new/files/2018/10/logo_01.png</guid>
		<description></description>
		<content:encoded><![CDATA[]]></content:encoded>
		<excerpt:encoded><![CDATA[]]></excerpt:encoded>
		<wp:post_id>3763</wp:post_id>
		<wp:post_date><![CDATA[2018-10-24 13:59:27]]></wp:post_date>
		<wp:post_date_gmt><![CDATA[2018-10-24 13:59:27]]></wp:post_date_gmt>
		<wp:comment_status><![CDATA[open]]></wp:comment_status>
		<wp:ping_status><![CDATA[closed]]></wp:ping_status>
		<wp:post_name><![CDATA[logo_01]]></wp:post_name>
		<wp:status><![CDATA[inherit]]></wp:status>
		<wp:post_parent>0</wp:post_parent>
		<wp:menu_order>0</wp:menu_order>
		<wp:post_type><![CDATA[attachment]]></wp:post_type>
		<wp:post_password><![CDATA[]]></wp:post_password>
		<wp:is_sticky>0</wp:is_sticky>
		<wp:attachment_url><![CDATA[http://quanticalabs.com/wptest/medicenter-new/files/2018/10/logo_01.png]]></wp:attachment_url>
		<wp:postmeta>
			<wp:meta_key><![CDATA[_wp_attached_file]]></wp:meta_key>
			<wp:meta_value><![CDATA[2018/10/logo_01.png]]></wp:meta_value>
		</wp:postmeta>
		<wp:postmeta>
			<wp:meta_key><![CDATA[_wp_attachment_metadata]]></wp:meta_key>
			<wp:meta_value><![CDATA[a:5:{s:5:"width";i:300;s:6:"height";i:200;s:4:"file";s:19:"2018/10/logo_01.png";s:5:"sizes";a:6:{s:9:"thumbnail";a:4:{s:4:"file";s:19:"logo_01-150x150.png";s:5:"width";i:150;s:6:"height";i:150;s:9:"mime-type";s:9:"image/png";}s:6:"medium";a:4:{s:4:"file";s:19:"logo_01-300x200.png";s:5:"width";i:300;s:6:"height";i:200;s:9:"mime-type";s:9:"image/png";}s:14:"shop_thumbnail";a:4:{s:4:"file";s:19:"logo_01-180x180.png";s:5:"width";i:180;s:6:"height";i:180;s:9:"mime-type";s:9:"image/png";}s:12:"shop_catalog";a:4:{s:4:"file";s:19:"logo_01-300x200.png";s:5:"width";i:300;s:6:"height";i:200;s:9:"mime-type";s:9:"image/png";}s:31:"medicenter-gallery-thumb-type-2";a:4:{s:4:"file";s:19:"logo_01-285x190.png";s:5:"width";i:285;s:6:"height";i:190;s:9:"mime-type";s:9:"image/png";}s:22:"medicenter-small-thumb";a:4:{s:4:"file";s:19:"logo_01-100x100.png";s:5:"width";i:100;s:6:"height";i:100;s:9:"mime-type";s:9:"image/png";}}s:10:"image_meta";a:12:{s:8:"aperture";s:1:"0";s:6:"credit";s:0:"";s:6:"camera";s:0:"";s:7:"caption";s:0:"";s:17:"created_timestamp";s:1:"0";s:9:"copyright";s:0:"";s:12:"focal_length";s:1:"0";s:3:"iso";s:1:"0";s:13:"shutter_speed";s:1:"0";s:5:"title";s:0:"";s:11:"orientation";s:1:"0";s:8:"keywords";a:0:{}}}]]></wp:meta_value>
		</wp:postmeta>
	</item>
	<item>
		<title>logo_02</title>
		<link>http://quanticalabs.com/wptest/medicenter-new/logo_02/</link>
		<pubDate>Wed, 24 Oct 2018 13:59:28 +0000</pubDate>
		<dc:creator><![CDATA[admin]]></dc:creator>
		<guid isPermaLink="false">http://quanticalabs.com/wptest/medicenter-new/files/2018/10/logo_02.png</guid>
		<description></description>
		<content:encoded><![CDATA[]]></content:encoded>
		<excerpt:encoded><![CDATA[]]></excerpt:encoded>
		<wp:post_id>3764</wp:post_id>
		<wp:post_date><![CDATA[2018-10-24 13:59:28]]></wp:post_date>
		<wp:post_date_gmt><![CDATA[2018-10-24 13:59:28]]></wp:post_date_gmt>
		<wp:comment_status><![CDATA[open]]></wp:comment_status>
		<wp:ping_status><![CDATA[closed]]></wp:ping_status>
		<wp:post_name><![CDATA[logo_02]]></wp:post_name>
		<wp:status><![CDATA[inherit]]></wp:status>
		<wp:post_parent>0</wp:post_parent>
		<wp:menu_order>0</wp:menu_order>
		<wp:post_type><![CDATA[attachment]]></wp:post_type>
		<wp:post_password><![CDATA[]]></wp:post_password>
		<wp:is_sticky>0</wp:is_sticky>
		<wp:attachment_url><![CDATA[http://quanticalabs.com/wptest/medicenter-new/files/2018/10/logo_02.png]]></wp:attachment_url>
		<wp:postmeta>
			<wp:meta_key><![CDATA[_wp_attached_file]]></wp:meta_key>
			<wp:meta_value><![CDATA[2018/10/logo_02.png]]></wp:meta_value>
		</wp:postmeta>
		<wp:postmeta>
			<wp:meta_key><![CDATA[_wp_attachment_metadata]]></wp:meta_key>
			<wp:meta_value><![CDATA[a:5:{s:5:"width";i:300;s:6:"height";i:200;s:4:"file";s:19:"2018/10/logo_02.png";s:5:"sizes";a:6:{s:9:"thumbnail";a:4:{s:4:"file";s:19:"logo_02-150x150.png";s:5:"width";i:150;s:6:"height";i:150;s:9:"mime-type";s:9:"image/png";}s:6:"medium";a:4:{s:4:"file";s:19:"logo_02-300x200.png";s:5:"width";i:300;s:6:"height";i:200;s:9:"mime-type";s:9:"image/png";}s:14:"shop_thumbnail";a:4:{s:4:"file";s:19:"logo_02-180x180.png";s:5:"width";i:180;s:6:"height";i:180;s:9:"mime-type";s:9:"image/png";}s:12:"shop_catalog";a:4:{s:4:"file";s:19:"logo_02-300x200.png";s:5:"width";i:300;s:6:"height";i:200;s:9:"mime-type";s:9:"image/png";}s:31:"medicenter-gallery-thumb-type-2";a:4:{s:4:"file";s:19:"logo_02-285x190.png";s:5:"width";i:285;s:6:"height";i:190;s:9:"mime-type";s:9:"image/png";}s:22:"medicenter-small-thumb";a:4:{s:4:"file";s:19:"logo_02-100x100.png";s:5:"width";i:100;s:6:"height";i:100;s:9:"mime-type";s:9:"image/png";}}s:10:"image_meta";a:12:{s:8:"aperture";s:1:"0";s:6:"credit";s:0:"";s:6:"camera";s:0:"";s:7:"caption";s:0:"";s:17:"created_timestamp";s:1:"0";s:9:"copyright";s:0:"";s:12:"focal_length";s:1:"0";s:3:"iso";s:1:"0";s:13:"shutter_speed";s:1:"0";s:5:"title";s:0:"";s:11:"orientation";s:1:"0";s:8:"keywords";a:0:{}}}]]></wp:meta_value>
		</wp:postmeta>
	</item>
	<item>
		<title>logo_03</title>
		<link>http://quanticalabs.com/wptest/medicenter-new/logo_03/</link>
		<pubDate>Wed, 24 Oct 2018 13:59:30 +0000</pubDate>
		<dc:creator><![CDATA[admin]]></dc:creator>
		<guid isPermaLink="false">http://quanticalabs.com/wptest/medicenter-new/files/2018/10/logo_03.png</guid>
		<description></description>
		<content:encoded><![CDATA[]]></content:encoded>
		<excerpt:encoded><![CDATA[]]></excerpt:encoded>
		<wp:post_id>3765</wp:post_id>
		<wp:post_date><![CDATA[2018-10-24 13:59:30]]></wp:post_date>
		<wp:post_date_gmt><![CDATA[2018-10-24 13:59:30]]></wp:post_date_gmt>
		<wp:comment_status><![CDATA[open]]></wp:comment_status>
		<wp:ping_status><![CDATA[closed]]></wp:ping_status>
		<wp:post_name><![CDATA[logo_03]]></wp:post_name>
		<wp:status><![CDATA[inherit]]></wp:status>
		<wp:post_parent>0</wp:post_parent>
		<wp:menu_order>0</wp:menu_order>
		<wp:post_type><![CDATA[attachment]]></wp:post_type>
		<wp:post_password><![CDATA[]]></wp:post_password>
		<wp:is_sticky>0</wp:is_sticky>
		<wp:attachment_url><![CDATA[http://quanticalabs.com/wptest/medicenter-new/files/2018/10/logo_03.png]]></wp:attachment_url>
		<wp:postmeta>
			<wp:meta_key><![CDATA[_wp_attached_file]]></wp:meta_key>
			<wp:meta_value><![CDATA[2018/10/logo_03.png]]></wp:meta_value>
		</wp:postmeta>
		<wp:postmeta>
			<wp:meta_key><![CDATA[_wp_attachment_metadata]]></wp:meta_key>
			<wp:meta_value><![CDATA[a:5:{s:5:"width";i:300;s:6:"height";i:200;s:4:"file";s:19:"2018/10/logo_03.png";s:5:"sizes";a:6:{s:9:"thumbnail";a:4:{s:4:"file";s:19:"logo_03-150x150.png";s:5:"width";i:150;s:6:"height";i:150;s:9:"mime-type";s:9:"image/png";}s:6:"medium";a:4:{s:4:"file";s:19:"logo_03-300x200.png";s:5:"width";i:300;s:6:"height";i:200;s:9:"mime-type";s:9:"image/png";}s:14:"shop_thumbnail";a:4:{s:4:"file";s:19:"logo_03-180x180.png";s:5:"width";i:180;s:6:"height";i:180;s:9:"mime-type";s:9:"image/png";}s:12:"shop_catalog";a:4:{s:4:"file";s:19:"logo_03-300x200.png";s:5:"width";i:300;s:6:"height";i:200;s:9:"mime-type";s:9:"image/png";}s:31:"medicenter-gallery-thumb-type-2";a:4:{s:4:"file";s:19:"logo_03-285x190.png";s:5:"width";i:285;s:6:"height";i:190;s:9:"mime-type";s:9:"image/png";}s:22:"medicenter-small-thumb";a:4:{s:4:"file";s:19:"logo_03-100x100.png";s:5:"width";i:100;s:6:"height";i:100;s:9:"mime-type";s:9:"image/png";}}s:10:"image_meta";a:12:{s:8:"aperture";s:1:"0";s:6:"credit";s:0:"";s:6:"camera";s:0:"";s:7:"caption";s:0:"";s:17:"created_timestamp";s:1:"0";s:9:"copyright";s:0:"";s:12:"focal_length";s:1:"0";s:3:"iso";s:1:"0";s:13:"shutter_speed";s:1:"0";s:5:"title";s:0:"";s:11:"orientation";s:1:"0";s:8:"keywords";a:0:{}}}]]></wp:meta_value>
		</wp:postmeta>
	</item>
	<item>
		<title>logo_04</title>
		<link>http://quanticalabs.com/wptest/medicenter-new/logo_04/</link>
		<pubDate>Wed, 24 Oct 2018 13:59:32 +0000</pubDate>
		<dc:creator><![CDATA[admin]]></dc:creator>
		<guid isPermaLink="false">http://quanticalabs.com/wptest/medicenter-new/files/2018/10/logo_04.png</guid>
		<description></description>
		<content:encoded><![CDATA[]]></content:encoded>
		<excerpt:encoded><![CDATA[]]></excerpt:encoded>
		<wp:post_id>3766</wp:post_id>
		<wp:post_date><![CDATA[2018-10-24 13:59:32]]></wp:post_date>
		<wp:post_date_gmt><![CDATA[2018-10-24 13:59:32]]></wp:post_date_gmt>
		<wp:comment_status><![CDATA[open]]></wp:comment_status>
		<wp:ping_status><![CDATA[closed]]></wp:ping_status>
		<wp:post_name><![CDATA[logo_04]]></wp:post_name>
		<wp:status><![CDATA[inherit]]></wp:status>
		<wp:post_parent>0</wp:post_parent>
		<wp:menu_order>0</wp:menu_order>
		<wp:post_type><![CDATA[attachment]]></wp:post_type>
		<wp:post_password><![CDATA[]]></wp:post_password>
		<wp:is_sticky>0</wp:is_sticky>
		<wp:attachment_url><![CDATA[http://quanticalabs.com/wptest/medicenter-new/files/2018/10/logo_04.png]]></wp:attachment_url>
		<wp:postmeta>
			<wp:meta_key><![CDATA[_wp_attached_file]]></wp:meta_key>
			<wp:meta_value><![CDATA[2018/10/logo_04.png]]></wp:meta_value>
		</wp:postmeta>
		<wp:postmeta>
			<wp:meta_key><![CDATA[_wp_attachment_metadata]]></wp:meta_key>
			<wp:meta_value><![CDATA[a:5:{s:5:"width";i:300;s:6:"height";i:200;s:4:"file";s:19:"2018/10/logo_04.png";s:5:"sizes";a:6:{s:9:"thumbnail";a:4:{s:4:"file";s:19:"logo_04-150x150.png";s:5:"width";i:150;s:6:"height";i:150;s:9:"mime-type";s:9:"image/png";}s:6:"medium";a:4:{s:4:"file";s:19:"logo_04-300x200.png";s:5:"width";i:300;s:6:"height";i:200;s:9:"mime-type";s:9:"image/png";}s:14:"shop_thumbnail";a:4:{s:4:"file";s:19:"logo_04-180x180.png";s:5:"width";i:180;s:6:"height";i:180;s:9:"mime-type";s:9:"image/png";}s:12:"shop_catalog";a:4:{s:4:"file";s:19:"logo_04-300x200.png";s:5:"width";i:300;s:6:"height";i:200;s:9:"mime-type";s:9:"image/png";}s:31:"medicenter-gallery-thumb-type-2";a:4:{s:4:"file";s:19:"logo_04-285x190.png";s:5:"width";i:285;s:6:"height";i:190;s:9:"mime-type";s:9:"image/png";}s:22:"medicenter-small-thumb";a:4:{s:4:"file";s:19:"logo_04-100x100.png";s:5:"width";i:100;s:6:"height";i:100;s:9:"mime-type";s:9:"image/png";}}s:10:"image_meta";a:12:{s:8:"aperture";s:1:"0";s:6:"credit";s:0:"";s:6:"camera";s:0:"";s:7:"caption";s:0:"";s:17:"created_timestamp";s:1:"0";s:9:"copyright";s:0:"";s:12:"focal_length";s:1:"0";s:3:"iso";s:1:"0";s:13:"shutter_speed";s:1:"0";s:5:"title";s:0:"";s:11:"orientation";s:1:"0";s:8:"keywords";a:0:{}}}]]></wp:meta_value>
		</wp:postmeta>
	</item>
	<item>
		<title>logo_05</title>
		<link>http://quanticalabs.com/wptest/medicenter-new/logo_05/</link>
		<pubDate>Wed, 24 Oct 2018 13:59:33 +0000</pubDate>
		<dc:creator><![CDATA[admin]]></dc:creator>
		<guid isPermaLink="false">http://quanticalabs.com/wptest/medicenter-new/files/2018/10/logo_05.png</guid>
		<description></description>
		<content:encoded><![CDATA[]]></content:encoded>
		<excerpt:encoded><![CDATA[]]></excerpt:encoded>
		<wp:post_id>3767</wp:post_id>
		<wp:post_date><![CDATA[2018-10-24 13:59:33]]></wp:post_date>
		<wp:post_date_gmt><![CDATA[2018-10-24 13:59:33]]></wp:post_date_gmt>
		<wp:comment_status><![CDATA[open]]></wp:comment_status>
		<wp:ping_status><![CDATA[closed]]></wp:ping_status>
		<wp:post_name><![CDATA[logo_05]]></wp:post_name>
		<wp:status><![CDATA[inherit]]></wp:status>
		<wp:post_parent>0</wp:post_parent>
		<wp:menu_order>0</wp:menu_order>
		<wp:post_type><![CDATA[attachment]]></wp:post_type>
		<wp:post_password><![CDATA[]]></wp:post_password>
		<wp:is_sticky>0</wp:is_sticky>
		<wp:attachment_url><![CDATA[http://quanticalabs.com/wptest/medicenter-new/files/2018/10/logo_05.png]]></wp:attachment_url>
		<wp:postmeta>
			<wp:meta_key><![CDATA[_wp_attached_file]]></wp:meta_key>
			<wp:meta_value><![CDATA[2018/10/logo_05.png]]></wp:meta_value>
		</wp:postmeta>
		<wp:postmeta>
			<wp:meta_key><![CDATA[_wp_attachment_metadata]]></wp:meta_key>
			<wp:meta_value><![CDATA[a:5:{s:5:"width";i:300;s:6:"height";i:200;s:4:"file";s:19:"2018/10/logo_05.png";s:5:"sizes";a:6:{s:9:"thumbnail";a:4:{s:4:"file";s:19:"logo_05-150x150.png";s:5:"width";i:150;s:6:"height";i:150;s:9:"mime-type";s:9:"image/png";}s:6:"medium";a:4:{s:4:"file";s:19:"logo_05-300x200.png";s:5:"width";i:300;s:6:"height";i:200;s:9:"mime-type";s:9:"image/png";}s:14:"shop_thumbnail";a:4:{s:4:"file";s:19:"logo_05-180x180.png";s:5:"width";i:180;s:6:"height";i:180;s:9:"mime-type";s:9:"image/png";}s:12:"shop_catalog";a:4:{s:4:"file";s:19:"logo_05-300x200.png";s:5:"width";i:300;s:6:"height";i:200;s:9:"mime-type";s:9:"image/png";}s:31:"medicenter-gallery-thumb-type-2";a:4:{s:4:"file";s:19:"logo_05-285x190.png";s:5:"width";i:285;s:6:"height";i:190;s:9:"mime-type";s:9:"image/png";}s:22:"medicenter-small-thumb";a:4:{s:4:"file";s:19:"logo_05-100x100.png";s:5:"width";i:100;s:6:"height";i:100;s:9:"mime-type";s:9:"image/png";}}s:10:"image_meta";a:12:{s:8:"aperture";s:1:"0";s:6:"credit";s:0:"";s:6:"camera";s:0:"";s:7:"caption";s:0:"";s:17:"created_timestamp";s:1:"0";s:9:"copyright";s:0:"";s:12:"focal_length";s:1:"0";s:3:"iso";s:1:"0";s:13:"shutter_speed";s:1:"0";s:5:"title";s:0:"";s:11:"orientation";s:1:"0";s:8:"keywords";a:0:{}}}]]></wp:meta_value>
		</wp:postmeta>
	</item>
	<item>
		<title>wp_medicenter_asset</title>
		<link>http://quanticalabs.com/wptest/medicenter-new/wp_medicenter_asset/</link>
		<pubDate>Tue, 30 Oct 2018 13:52:15 +0000</pubDate>
		<dc:creator><![CDATA[admin]]></dc:creator>
		<guid isPermaLink="false">http://quanticalabs.com/wptest/medicenter-new/files/2018/10/wp_medicenter_asset.png</guid>
		<description></description>
		<content:encoded><![CDATA[]]></content:encoded>
		<excerpt:encoded><![CDATA[]]></excerpt:encoded>
		<wp:post_id>3836</wp:post_id>
		<wp:post_date><![CDATA[2018-10-30 13:52:15]]></wp:post_date>
		<wp:post_date_gmt><![CDATA[2018-10-30 13:52:15]]></wp:post_date_gmt>
		<wp:comment_status><![CDATA[open]]></wp:comment_status>
		<wp:ping_status><![CDATA[closed]]></wp:ping_status>
		<wp:post_name><![CDATA[wp_medicenter_asset]]></wp:post_name>
		<wp:status><![CDATA[inherit]]></wp:status>
		<wp:post_parent>0</wp:post_parent>
		<wp:menu_order>0</wp:menu_order>
		<wp:post_type><![CDATA[attachment]]></wp:post_type>
		<wp:post_password><![CDATA[]]></wp:post_password>
		<wp:is_sticky>0</wp:is_sticky>
		<wp:attachment_url><![CDATA[http://quanticalabs.com/wptest/medicenter-new/files/2018/10/wp_medicenter_asset.png]]></wp:attachment_url>
		<wp:postmeta>
			<wp:meta_key><![CDATA[_wp_attached_file]]></wp:meta_key>
			<wp:meta_value><![CDATA[2018/10/wp_medicenter_asset.png]]></wp:meta_value>
		</wp:postmeta>
		<wp:postmeta>
			<wp:meta_key><![CDATA[_wp_attachment_metadata]]></wp:meta_key>
			<wp:meta_value><![CDATA[a:5:{s:5:"width";i:570;s:6:"height";i:600;s:4:"file";s:31:"2018/10/wp_medicenter_asset.png";s:5:"sizes";a:12:{s:9:"thumbnail";a:4:{s:4:"file";s:31:"wp_medicenter_asset-150x150.png";s:5:"width";i:150;s:6:"height";i:150;s:9:"mime-type";s:9:"image/png";}s:6:"medium";a:4:{s:4:"file";s:31:"wp_medicenter_asset-285x300.png";s:5:"width";i:285;s:6:"height";i:300;s:9:"mime-type";s:9:"image/png";}s:14:"shop_thumbnail";a:4:{s:4:"file";s:31:"wp_medicenter_asset-180x180.png";s:5:"width";i:180;s:6:"height";i:180;s:9:"mime-type";s:9:"image/png";}s:12:"shop_catalog";a:4:{s:4:"file";s:31:"wp_medicenter_asset-300x300.png";s:5:"width";i:300;s:6:"height";i:300;s:9:"mime-type";s:9:"image/png";}s:11:"shop_single";a:4:{s:4:"file";s:31:"wp_medicenter_asset-570x600.png";s:5:"width";i:570;s:6:"height";i:600;s:9:"mime-type";s:9:"image/png";}s:15:"blog-post-thumb";a:4:{s:4:"file";s:31:"wp_medicenter_asset-570x446.png";s:5:"width";i:570;s:6:"height";i:446;s:9:"mime-type";s:9:"image/png";}s:24:"medicenter-gallery-image";a:4:{s:4:"file";s:31:"wp_medicenter_asset-570x400.png";s:5:"width";i:570;s:6:"height";i:400;s:9:"mime-type";s:9:"image/png";}s:12:"medium-thumb";a:4:{s:4:"file";s:31:"wp_medicenter_asset-480x320.png";s:5:"width";i:480;s:6:"height";i:320;s:9:"mime-type";s:9:"image/png";}s:31:"medicenter-gallery-thumb-type-1";a:4:{s:4:"file";s:31:"wp_medicenter_asset-390x260.png";s:5:"width";i:390;s:6:"height";i:260;s:9:"mime-type";s:9:"image/png";}s:31:"medicenter-gallery-thumb-type-2";a:4:{s:4:"file";s:31:"wp_medicenter_asset-285x190.png";s:5:"width";i:285;s:6:"height";i:190;s:9:"mime-type";s:9:"image/png";}s:25:"medicenter-vertical-image";a:4:{s:4:"file";s:31:"wp_medicenter_asset-320x460.png";s:5:"width";i:320;s:6:"height";i:460;s:9:"mime-type";s:9:"image/png";}s:22:"medicenter-small-thumb";a:4:{s:4:"file";s:31:"wp_medicenter_asset-100x100.png";s:5:"width";i:100;s:6:"height";i:100;s:9:"mime-type";s:9:"image/png";}}s:10:"image_meta";a:12:{s:8:"aperture";s:1:"0";s:6:"credit";s:0:"";s:6:"camera";s:0:"";s:7:"caption";s:0:"";s:17:"created_timestamp";s:1:"0";s:9:"copyright";s:0:"";s:12:"focal_length";s:1:"0";s:3:"iso";s:1:"0";s:13:"shutter_speed";s:1:"0";s:5:"title";s:0:"";s:11:"orientation";s:1:"0";s:8:"keywords";a:0:{}}}]]></wp:meta_value>
		</wp:postmeta>
	</item>
</channel>
</rss>
