<?xml version="1.0" encoding="UTF-8" ?>
<!-- This is a WordPress eXtended RSS file generated by WordPress as an export of your site. -->
<!-- It contains information about your site's posts, pages, comments, categories, and other content. -->
<!-- You may use this file to transfer that content from one site to another. -->
<!-- This file is not intended to serve as a complete backup of your site. -->

<!-- To import this information into a WordPress site follow these steps: -->
<!-- 1. Log in to that site as an administrator. -->
<!-- 2. Go to Tools: Import in the WordPress admin panel. -->
<!-- 3. Install the "WordPress" importer from the list. -->
<!-- 4. Activate & Run Importer. -->
<!-- 5. Upload this file using the form provided on that page. -->
<!-- 6. You will first be asked to map the authors in this export file to users -->
<!--    on the site. For each author, you may choose to map to an -->
<!--    existing user on the site or to create a new user. -->
<!-- 7. WordPress will then import each of the posts, pages, comments, categories, etc. -->
<!--    contained in this file into your site. -->

<!-- generator="WordPress/4.9.8" created="2018-10-25 13:20" -->
<rss version="2.0"
	xmlns:excerpt="http://wordpress.org/export/1.2/excerpt/"
	xmlns:content="http://purl.org/rss/1.0/modules/content/"
	xmlns:wfw="http://wellformedweb.org/CommentAPI/"
	xmlns:dc="http://purl.org/dc/elements/1.1/"
	xmlns:wp="http://wordpress.org/export/1.2/"
>

<channel>

	<wp:wxr_version>1.2</wp:wxr_version>

	<item>
		<title>image_03</title>
		<link>http://quanticalabs.com/wptest/medicenter-new/image_03-2/</link>
		<pubDate>Wed, 05 May 2021 15:07:24 +0000</pubDate>
		<dc:creator><![CDATA[admin]]></dc:creator>
		<guid isPermaLink="false">http://quanticalabs.com/wptest/medicenter-new/files/2021/05/image_03.png</guid>
		<description></description>
		<content:encoded><![CDATA[]]></content:encoded>
		<excerpt:encoded><![CDATA[]]></excerpt:encoded>
		<wp:post_id>3994</wp:post_id>
		<wp:post_date><![CDATA[2021-05-05 15:07:24]]></wp:post_date>
		<wp:post_date_gmt><![CDATA[2021-05-05 15:07:24]]></wp:post_date_gmt>
		<wp:comment_status><![CDATA[open]]></wp:comment_status>
		<wp:ping_status><![CDATA[closed]]></wp:ping_status>
		<wp:post_name><![CDATA[image_03]]></wp:post_name>
		<wp:status><![CDATA[inherit]]></wp:status>
		<wp:post_parent>0</wp:post_parent>
		<wp:menu_order>0</wp:menu_order>
		<wp:post_type><![CDATA[attachment]]></wp:post_type>
		<wp:post_password><![CDATA[]]></wp:post_password>
		<wp:is_sticky>0</wp:is_sticky>
		<wp:attachment_url><![CDATA[http://quanticalabs.com/wptest/medicenter-new/files/2021/05/image_03.png]]></wp:attachment_url>
		<wp:postmeta>
			<wp:meta_key><![CDATA[_wp_attachment_metadata]]></wp:meta_key>
			<wp:meta_value><![CDATA[a:5:{s:5:"width";i:150;s:6:"height";i:288;s:4:"file";s:20:"2021/05/image_03.png";s:5:"sizes";a:6:{s:9:"thumbnail";a:4:{s:4:"file";s:20:"image_03-150x150.png";s:5:"width";i:150;s:6:"height";i:150;s:9:"mime-type";s:9:"image/png";}s:31:"medicenter-gallery-thumb-type-1";a:4:{s:4:"file";s:20:"image_03-150x260.png";s:5:"width";i:150;s:6:"height";i:260;s:9:"mime-type";s:9:"image/png";}s:31:"medicenter-gallery-thumb-type-2";a:4:{s:4:"file";s:20:"image_03-150x190.png";s:5:"width";i:150;s:6:"height";i:190;s:9:"mime-type";s:9:"image/png";}s:22:"medicenter-small-thumb";a:4:{s:4:"file";s:20:"image_03-100x100.png";s:5:"width";i:100;s:6:"height";i:100;s:9:"mime-type";s:9:"image/png";}s:29:"woocommerce_gallery_thumbnail";a:4:{s:4:"file";s:20:"image_03-150x150.png";s:5:"width";i:150;s:6:"height";i:150;s:9:"mime-type";s:9:"image/png";}s:14:"shop_thumbnail";a:4:{s:4:"file";s:20:"image_03-150x150.png";s:5:"width";i:150;s:6:"height";i:150;s:9:"mime-type";s:9:"image/png";}}s:10:"image_meta";a:12:{s:8:"aperture";s:1:"0";s:6:"credit";s:0:"";s:6:"camera";s:0:"";s:7:"caption";s:0:"";s:17:"created_timestamp";s:1:"0";s:9:"copyright";s:0:"";s:12:"focal_length";s:1:"0";s:3:"iso";s:1:"0";s:13:"shutter_speed";s:1:"0";s:5:"title";s:0:"";s:11:"orientation";s:1:"0";s:8:"keywords";a:0:{}}}]]></wp:meta_value>
		</wp:postmeta>
		<wp:postmeta>
			<wp:meta_key><![CDATA[_wp_attached_file]]></wp:meta_key>
			<wp:meta_value><![CDATA[2021/05/image_03.png]]></wp:meta_value>
		</wp:postmeta>
	</item>
	<item>
		<title>image_10</title>
		<link>http://quanticalabs.com/wptest/medicenter-new/image_10/</link>
		<pubDate>Wed, 05 May 2021 15:14:24 +0000</pubDate>
		<dc:creator><![CDATA[admin]]></dc:creator>
		<guid isPermaLink="false">http://quanticalabs.com/wptest/medicenter-new/files/2021/05/image_10.png</guid>
		<description></description>
		<content:encoded><![CDATA[]]></content:encoded>
		<excerpt:encoded><![CDATA[]]></excerpt:encoded>
		<wp:post_id>4009</wp:post_id>
		<wp:post_date><![CDATA[2021-05-05 15:14:24]]></wp:post_date>
		<wp:post_date_gmt><![CDATA[2021-05-05 15:14:24]]></wp:post_date_gmt>
		<wp:comment_status><![CDATA[open]]></wp:comment_status>
		<wp:ping_status><![CDATA[closed]]></wp:ping_status>
		<wp:post_name><![CDATA[image_10]]></wp:post_name>
		<wp:status><![CDATA[inherit]]></wp:status>
		<wp:post_parent>0</wp:post_parent>
		<wp:menu_order>0</wp:menu_order>
		<wp:post_type><![CDATA[attachment]]></wp:post_type>
		<wp:post_password><![CDATA[]]></wp:post_password>
		<wp:is_sticky>0</wp:is_sticky>
		<wp:attachment_url><![CDATA[http://quanticalabs.com/wptest/medicenter-new/files/2021/05/image_10.png]]></wp:attachment_url>
		<wp:postmeta>
			<wp:meta_key><![CDATA[_wp_attached_file]]></wp:meta_key>
			<wp:meta_value><![CDATA[2021/05/image_10.png]]></wp:meta_value>
		</wp:postmeta>
		<wp:postmeta>
			<wp:meta_key><![CDATA[_wp_attachment_metadata]]></wp:meta_key>
			<wp:meta_value><![CDATA[a:5:{s:5:"width";i:139;s:6:"height";i:272;s:4:"file";s:20:"2021/05/image_10.png";s:5:"sizes";a:6:{s:9:"thumbnail";a:4:{s:4:"file";s:20:"image_10-139x150.png";s:5:"width";i:139;s:6:"height";i:150;s:9:"mime-type";s:9:"image/png";}s:31:"medicenter-gallery-thumb-type-1";a:4:{s:4:"file";s:20:"image_10-139x260.png";s:5:"width";i:139;s:6:"height";i:260;s:9:"mime-type";s:9:"image/png";}s:31:"medicenter-gallery-thumb-type-2";a:4:{s:4:"file";s:20:"image_10-139x190.png";s:5:"width";i:139;s:6:"height";i:190;s:9:"mime-type";s:9:"image/png";}s:22:"medicenter-small-thumb";a:4:{s:4:"file";s:20:"image_10-100x100.png";s:5:"width";i:100;s:6:"height";i:100;s:9:"mime-type";s:9:"image/png";}s:29:"woocommerce_gallery_thumbnail";a:4:{s:4:"file";s:20:"image_10-139x150.png";s:5:"width";i:139;s:6:"height";i:150;s:9:"mime-type";s:9:"image/png";}s:14:"shop_thumbnail";a:4:{s:4:"file";s:20:"image_10-139x150.png";s:5:"width";i:139;s:6:"height";i:150;s:9:"mime-type";s:9:"image/png";}}s:10:"image_meta";a:12:{s:8:"aperture";s:1:"0";s:6:"credit";s:0:"";s:6:"camera";s:0:"";s:7:"caption";s:0:"";s:17:"created_timestamp";s:1:"0";s:9:"copyright";s:0:"";s:12:"focal_length";s:1:"0";s:3:"iso";s:1:"0";s:13:"shutter_speed";s:1:"0";s:5:"title";s:0:"";s:11:"orientation";s:1:"0";s:8:"keywords";a:0:{}}}]]></wp:meta_value>
		</wp:postmeta>
	</item>
	<item>
		<title>placeholder-570-380</title>
		<link>http://quanticalabs.com/wptest/medicenter-new/placeholder-570-380/</link>
		<pubDate>Mon, 17 May 2021 11:07:32 +0000</pubDate>
		<dc:creator><![CDATA[admin]]></dc:creator>
		<guid isPermaLink="false">http://quanticalabs.com/wptest/medicenter-new/files/2021/05/placeholder-570-380.png</guid>
		<description></description>
		<content:encoded><![CDATA[]]></content:encoded>
		<excerpt:encoded><![CDATA[]]></excerpt:encoded>
		<wp:post_id>3854</wp:post_id>
		<wp:post_date><![CDATA[2021-05-17 11:07:32]]></wp:post_date>
		<wp:post_date_gmt><![CDATA[2021-05-17 11:07:32]]></wp:post_date_gmt>
		<wp:comment_status><![CDATA[open]]></wp:comment_status>
		<wp:ping_status><![CDATA[closed]]></wp:ping_status>
		<wp:post_name><![CDATA[placeholder-570-380]]></wp:post_name>
		<wp:status><![CDATA[inherit]]></wp:status>
		<wp:post_parent>0</wp:post_parent>
		<wp:menu_order>0</wp:menu_order>
		<wp:post_type><![CDATA[attachment]]></wp:post_type>
		<wp:post_password><![CDATA[]]></wp:post_password>
		<wp:is_sticky>0</wp:is_sticky>
		<wp:attachment_url><![CDATA[http://quanticalabs.com/wptest/medicenter-new/files/2021/05/placeholder-570-380.png]]></wp:attachment_url>
		<wp:postmeta>
			<wp:meta_key><![CDATA[_wp_attached_file]]></wp:meta_key>
			<wp:meta_value><![CDATA[2021/05/placeholder-570-380.png]]></wp:meta_value>
		</wp:postmeta>
		<wp:postmeta>
			<wp:meta_key><![CDATA[_wp_attachment_metadata]]></wp:meta_key>
			<wp:meta_value><![CDATA[a:5:{s:5:"width";i:570;s:6:"height";i:380;s:4:"file";s:31:"2021/05/placeholder-570-380.png";s:5:"sizes";a:7:{s:6:"medium";a:4:{s:4:"file";s:31:"placeholder-570-380-300x200.png";s:5:"width";i:300;s:6:"height";i:200;s:9:"mime-type";s:9:"image/png";}s:9:"thumbnail";a:4:{s:4:"file";s:31:"placeholder-570-380-150x150.png";s:5:"width";i:150;s:6:"height";i:150;s:9:"mime-type";s:9:"image/png";}s:12:"medium-thumb";a:4:{s:4:"file";s:31:"placeholder-570-380-480x320.png";s:5:"width";i:480;s:6:"height";i:320;s:9:"mime-type";s:9:"image/png";}s:31:"medicenter-gallery-thumb-type-1";a:4:{s:4:"file";s:31:"placeholder-570-380-390x260.png";s:5:"width";i:390;s:6:"height";i:260;s:9:"mime-type";s:9:"image/png";}s:31:"medicenter-gallery-thumb-type-2";a:4:{s:4:"file";s:31:"placeholder-570-380-285x190.png";s:5:"width";i:285;s:6:"height";i:190;s:9:"mime-type";s:9:"image/png";}s:25:"medicenter-vertical-image";a:4:{s:4:"file";s:31:"placeholder-570-380-320x380.png";s:5:"width";i:320;s:6:"height";i:380;s:9:"mime-type";s:9:"image/png";}s:22:"medicenter-small-thumb";a:4:{s:4:"file";s:31:"placeholder-570-380-100x100.png";s:5:"width";i:100;s:6:"height";i:100;s:9:"mime-type";s:9:"image/png";}}s:10:"image_meta";a:12:{s:8:"aperture";s:1:"0";s:6:"credit";s:0:"";s:6:"camera";s:0:"";s:7:"caption";s:0:"";s:17:"created_timestamp";s:1:"0";s:9:"copyright";s:0:"";s:12:"focal_length";s:1:"0";s:3:"iso";s:1:"0";s:13:"shutter_speed";s:1:"0";s:5:"title";s:0:"";s:11:"orientation";s:1:"0";s:8:"keywords";a:0:{}}}]]></wp:meta_value>
		</wp:postmeta>
	</item>
	<item>
		<title>placeholder</title>
		<link>http://quanticalabs.com/wptest/medicenter-new/placeholder/</link>
		<pubDate>Wed, 24 Oct 2018 12:54:31 +0000</pubDate>
		<dc:creator><![CDATA[admin]]></dc:creator>
		<guid isPermaLink="false">http://quanticalabs.com/wptest/medicenter-new/files/2018/10/placeholder.jpg</guid>
		<description></description>
		<content:encoded><![CDATA[]]></content:encoded>
		<excerpt:encoded><![CDATA[]]></excerpt:encoded>
		<wp:post_id>3750</wp:post_id>
		<wp:post_date><![CDATA[2018-10-24 12:54:31]]></wp:post_date>
		<wp:post_date_gmt><![CDATA[2018-10-24 12:54:31]]></wp:post_date_gmt>
		<wp:comment_status><![CDATA[open]]></wp:comment_status>
		<wp:ping_status><![CDATA[closed]]></wp:ping_status>
		<wp:post_name><![CDATA[placeholder]]></wp:post_name>
		<wp:status><![CDATA[inherit]]></wp:status>
		<wp:post_parent>0</wp:post_parent>
		<wp:menu_order>0</wp:menu_order>
		<wp:post_type><![CDATA[attachment]]></wp:post_type>
		<wp:post_password><![CDATA[]]></wp:post_password>
		<wp:is_sticky>0</wp:is_sticky>
		<wp:attachment_url><![CDATA[http://quanticalabs.com/wptest/medicenter-new/files/2018/10/placeholder.jpg]]></wp:attachment_url>
		<wp:postmeta>
			<wp:meta_key><![CDATA[_wp_attached_file]]></wp:meta_key>
			<wp:meta_value><![CDATA[2018/10/placeholder.jpg]]></wp:meta_value>
		</wp:postmeta>
		<wp:postmeta>
			<wp:meta_key><![CDATA[_wp_attachment_metadata]]></wp:meta_key>
			<wp:meta_value><![CDATA[a:5:{s:5:"width";i:1920;s:6:"height";i:1200;s:4:"file";s:23:"2018/10/placeholder.jpg";s:5:"sizes";a:12:{s:9:"thumbnail";a:4:{s:4:"file";s:23:"placeholder-150x150.jpg";s:5:"width";i:150;s:6:"height";i:150;s:9:"mime-type";s:10:"image/jpeg";}s:6:"medium";a:4:{s:4:"file";s:23:"placeholder-300x188.jpg";s:5:"width";i:300;s:6:"height";i:188;s:9:"mime-type";s:10:"image/jpeg";}s:12:"medium_large";a:4:{s:4:"file";s:23:"placeholder-768x480.jpg";s:5:"width";i:768;s:6:"height";i:480;s:9:"mime-type";s:10:"image/jpeg";}s:5:"large";a:4:{s:4:"file";s:24:"placeholder-1024x640.jpg";s:5:"width";i:1024;s:6:"height";i:640;s:9:"mime-type";s:10:"image/jpeg";}s:14:"shop_thumbnail";a:4:{s:4:"file";s:23:"placeholder-180x180.jpg";s:5:"width";i:180;s:6:"height";i:180;s:9:"mime-type";s:10:"image/jpeg";}s:12:"shop_catalog";a:4:{s:4:"file";s:23:"placeholder-300x300.jpg";s:5:"width";i:300;s:6:"height";i:300;s:9:"mime-type";s:10:"image/jpeg";}s:11:"shop_single";a:4:{s:4:"file";s:23:"placeholder-600x600.jpg";s:5:"width";i:600;s:6:"height";i:600;s:9:"mime-type";s:10:"image/jpeg";}s:15:"blog-post-thumb";a:4:{s:4:"file";s:23:"placeholder-670x446.jpg";s:5:"width";i:670;s:6:"height";i:446;s:9:"mime-type";s:10:"image/jpeg";}s:24:"medicenter-gallery-image";a:4:{s:4:"file";s:23:"placeholder-600x400.jpg";s:5:"width";i:600;s:6:"height";i:400;s:9:"mime-type";s:10:"image/jpeg";}s:31:"medicenter-gallery-thumb-type-1";a:4:{s:4:"file";s:23:"placeholder-390x260.jpg";s:5:"width";i:390;s:6:"height";i:260;s:9:"mime-type";s:10:"image/jpeg";}s:31:"medicenter-gallery-thumb-type-2";a:4:{s:4:"file";s:23:"placeholder-285x190.jpg";s:5:"width";i:285;s:6:"height";i:190;s:9:"mime-type";s:10:"image/jpeg";}s:22:"medicenter-small-thumb";a:4:{s:4:"file";s:23:"placeholder-100x100.jpg";s:5:"width";i:100;s:6:"height";i:100;s:9:"mime-type";s:10:"image/jpeg";}}s:10:"image_meta";a:12:{s:8:"aperture";s:1:"0";s:6:"credit";s:0:"";s:6:"camera";s:0:"";s:7:"caption";s:0:"";s:17:"created_timestamp";s:1:"0";s:9:"copyright";s:0:"";s:12:"focal_length";s:1:"0";s:3:"iso";s:1:"0";s:13:"shutter_speed";s:1:"0";s:5:"title";s:0:"";s:11:"orientation";s:1:"0";s:8:"keywords";a:0:{}}}]]></wp:meta_value>
		</wp:postmeta>
	</item>
	<item>
		<title>Home Pregnancy</title>
		<link>http://quanticalabs.com/wptest/medicenter-new/</link>
		<pubDate>Wed, 05 May 2021 14:26:46 +0000</pubDate>
		<dc:creator><![CDATA[admin]]></dc:creator>
		<guid isPermaLink="false">http://quanticalabs.com/wptest/medicenter-new/?page_id=3978</guid>
		<description></description>
		<content:encoded><![CDATA[[vc_row type="full-width"][vc_column][rev_slider_vc alias="home-pregnancy"][/vc_column][/vc_row][vc_row type="full-width" css=".vc_custom_1617107143588{background-color: #606ba2 !important;}"][vc_column][vc_row_inner el_class="white padding-top-bottom-30 align-right"][vc_column_inner][vc_button title="COVID-19 RESOURCES" label="Coronavirus COVID-19 information for patients" size="large" icon="template-arrow-horizontal-1-after" style="custom" text_color="#ffffff" hover_text_color="#606ba2" custom_button_color="#f4898c" custom_button_hover_color="#ffffff" href="about/" el_class="button-slider-bar"][/vc_column_inner][/vc_row_inner][/vc_column][/vc_row][vc_row top_margin="page-margin-top-section-vlarge"][vc_column width="1/2" el_class="padding-right-30" css=".vc_custom_1616602098895{background-position: 0 0 !important;background-repeat: no-repeat !important;}"][vc_single_image image="3750" img_size="medicenter-vertical-image" el_class="page-margin-top side-image"][vc_single_image image="3994" img_size="full" el_class="side-image side-image-flower"][vc_single_image image="3750" img_size="medicenter-vertical-image" alignment="right"][/vc_column][vc_column width="1/2"][box_header title="Welcome to Medicenter" bottom_border="1" animation="0"][box_header title="We meet the highest medical standards ensuring a high level of safety" type="h2" bottom_border="0" class="large margin-top-30"][vc_column_text el_class="large margin-top-10"]Pregnancy Clinic is a unique place that was created with women in mind. Our mission is to provide patients and their children with professional service, individual care, safety and comfort. We are distinguished by these features:[/vc_column_text][vc_row_inner][vc_column_inner width="1/2"][items_list type="simple" animation="0" additembutton="" read_more="0" class="margin-top-15"][item type="items" value="" url="" url_target="new_window" icon="tick-2" text_color="" value_color="" value_bg_color="" border_color=""]Many years of experience[/item][item type="items" value="" url="" url_target="new_window" icon="tick-2" text_color="" value_color="" value_bg_color="" border_color=""]24/7 care for mother and baby[/item][item type="items" value="" url="" url_target="new_window" icon="tick-2" text_color="" value_color="" value_bg_color="" border_color=""]Qualified team of professors[/item][/items_list][/vc_column_inner][vc_column_inner width="1/2"][items_list type="simple" animation="0" additembutton="" read_more="0" class="margin-top-15"][item type="items" value="" url="" url_target="new_window" icon="tick-2" text_color="" value_color="" value_bg_color="" border_color=""]Modern apparatus[/item][item type="items" value="" url="" url_target="new_window" icon="tick-2" text_color="" value_color="" value_bg_color="" border_color=""]Operating and delivery rooms[/item][item type="items" value="" url="" url_target="new_window" icon="tick-2" text_color="" value_color="" value_bg_color="" border_color=""]Neonatal intensive care room[/item][/items_list][/vc_column_inner][/vc_row_inner][vc_button title="FIND OUT MORE" size="large" style="dark-color" href="medical-care/" el_class="margin-top-30"][/vc_column][/vc_row][vc_row type="full-width" top_margin="page-margin-top-section-vlarge" el_class="background-right-bottom padding-top-89 padding-bottom-100" css=".vc_custom_1620391205988{background: #ebe6e3 url(http://quanticalabs.com/wp_themes/medicenter-pregnancy/files/2021/05/image_04.jpg?id=3997) !important;background-position: 0 0 !important;background-repeat: no-repeat !important;}"][vc_column][vc_row_inner][vc_column_inner][box_header title="Why Choose Us" type="h2" bottom_border="1" animation="0" class="large align-center"][vc_column_text el_class="large align-center margin-top-20"]It is the people who make Medicenter what it is and we are extremely proud of the achievements of our
staff. We all work together to help our patients through recovery, providing the best possible care.[/vc_column_text][/vc_column_inner][/vc_row_inner][vc_row_inner top_margin="page-margin-top"][vc_column_inner width="1/3"][features ids="4025,4022" type="circle" style="light light-colored" order_by="menu_order" headers="1" headers_links="0" read_more="0" icon_links="0"][/vc_column_inner][vc_column_inner width="1/3"][features ids="4023,4026" type="circle" style="light light-colored" headers="1" headers_links="0" read_more="0" icon_links="0"][/vc_column_inner][vc_column_inner width="1/3"][features ids="4024,4027" type="circle" style="light light-colored" spacing="large" order_by="date" headers="1" headers_links="0" read_more="0" icon_links="0"][/vc_column_inner][/vc_row_inner][vc_row_inner el_class="align-center padding-top-63 padding-bottom-13"][vc_column_inner][vc_button title="LEARN MORE" size="large" style="dark-color" href="about/" el_class="single-button"][/vc_column_inner][/vc_row_inner][/vc_column][/vc_row][vc_row type="full-width" el_class="flex-box"][vc_column width="1/2" el_class="column-limited"][vc_row_inner el_class="margin-top-92 padding-right-100"][vc_column_inner el_class="padding-bottom-100"][box_header title="Obstetrics Pricelist" type="h1" bottom_border="0"][items_list animation="0" additembutton="" read_more="0" class="margin-top-30"][item type="items" value="$280" url="" url_target="new_window" icon="" text_color="#666" value_color="" value_bg_color="" border_color=""]Consultation with ultrasound examination[/item][item type="items" value="$360" url="" url_target="new_window" icon="" text_color="#666" value_color="" value_bg_color="" border_color=""]Genetic ultrasound with computerized risk assessment[/item][item type="items" value="$380" url="" url_target="new_window" icon="" text_color="#666" value_color="" value_bg_color="" border_color=""]3D prenatal ultrasound[/item][item type="items" value="$50" url="" url_target="new_window" icon="" text_color="#666" value_color="" value_bg_color="" border_color=""]CTG examination with evaluation of the recording by a doctor[/item][item type="items" value="$480" url="" url_target="new_window" icon="" text_color="#666" value_color="" value_bg_color="" border_color=""]PAPP-A (duplicate) test with Trisomy risk assessment[/item][item type="items" value="$280" url="" url_target="new_window" icon="" text_color="#666" value_color="" value_bg_color="" border_color=""]A maternity visit outside the clinic's working hours[/item][item type="items" value="$3300" url="" url_target="new_window" icon="" text_color="#666" value_color="" value_bg_color="" border_color=""]Outpatient care package after physiological delivery[/item][item type="items" value="$3900" url="" url_target="new_window" icon="" text_color="#666" value_color="" value_bg_color="" border_color="none"]Outpatient care package after cesarean section[/item][/items_list][vc_button title="FULL PRICING LIST" size="large" top_margin="page-margin-top" href="pricing-plans/"][/vc_column_inner][/vc_row_inner][/vc_column][vc_column width="1/2" el_class="column-limited" css=".vc_custom_1617109981100{background-color: #ffffff !important;}"][vc_row_inner el_class="margin-top-92 padding-left-100"][vc_column_inner el_class="padding-bottom-100"][box_header title="Gynecology Pricelist" type="h1" bottom_border="0"][items_list animation="0" additembutton="" read_more="0" class="margin-top-30"][item type="items" value="$200" url="" url_target="new_window" icon="" text_color="#666" value_color="" value_bg_color="" border_color=""]Gynecological visit with cytology[/item][item type="items" value="$280" url="" url_target="new_window" icon="" text_color="#666" value_color="" value_bg_color="" border_color=""]A visit with a gynecological ultrasound[/item][item type="items" value="$330" url="" url_target="new_window" icon="" text_color="#666" value_color="" value_bg_color="" border_color=""]A visit with gynecological ultrasound and cytology[/item][item type="items" value="$220" url="" url_target="new_window" icon="" text_color="#666" value_color="" value_bg_color="" border_color=""]Colposcopic examination[/item][item type="items" value="$200" url="" url_target="new_window" icon="" text_color="#666" value_color="" value_bg_color="" border_color=""]Breast ultrasound[/item][item type="items" value="$600" url="" url_target="new_window" icon="" text_color="#666" value_color="" value_bg_color="" border_color=""]Vaginal culture with antibiogram[/item][item type="items" value="$170" url="" url_target="new_window" icon="" text_color="#666" value_color="" value_bg_color="" border_color=""]Fine-needle biopsy of the breast or thyroid gland[/item][item type="items" value="$1250" url="" url_target="new_window" icon="" text_color="#666" value_color="" value_bg_color="" border_color="none"]Laser treatment of stress urinary incontinence[/item][/items_list][vc_button title="FULL PRICING LIST" size="large" top_margin="page-margin-top" href="sliding-pricing-plans/"][/vc_column_inner][/vc_row_inner][/vc_column][/vc_row][vc_row type="full-width" el_class="padding-top-100 padding-bottom-100"][vc_column][vc_row_inner][vc_column_inner width="1/3"][box_header title="Meet Our Skilled Team Dedicated to Their Work" type="h2" bottom_border="0" class="large"][/vc_column_inner][vc_column_inner width="2/3"][vc_column_text el_class="large padding-0"]We employ qualified specialists who have gained experience in leading centers in US and Europe. Our doctors, nurses and midwives form a well-coordinated team, dedicated to their work an willing to help patients. The clinic is made up of a team of 30 specialists, get to know all of them.[/vc_column_text][/vc_column_inner][/vc_row_inner][vc_row_inner top_margin="page-margin-top-section"][vc_column_inner][doctors animation="0" order_by="date" type="list" layout="gallery-3-columns" hover_icons="0" display_method="dm_simple" ids="3999,4004,4002" display_social_icons="1" images_loop="0"][/vc_column_inner][/vc_row_inner][/vc_column][/vc_row][vc_row type="full-width mc-parallax mc-overlay" css=".vc_custom_1620742528523{background-image: url(http://quanticalabs.com/wptest/medicenter-new/files/2018/10/placeholder.jpg) !important;}" el_class="padding-bottom-100"][vc_column][vc_row_inner el_class="margin-top-92"][vc_column_inner][box_header title="Medical Walk-in Process" type="h2" bottom_border="1" animation="0" class="large align-center white"][/vc_column_inner][/vc_row_inner][vc_row_inner top_margin="page-margin-top" el_class="flex-box"][vc_column_inner width="1/3"][info_box title="No Appointment Needed" icon="medical-bed" animation="fadeIn" animation_duration="500" arrow="light" arrow_animation="slideRight" arrow_animation_duration="800" arrow_animation_delay="150"]An appointment is not required in order to receive care. For this reason, patients do not have to plan out when they can come in. Simply walk in and you'll be seen.[/info_box][/vc_column_inner][vc_column_inner width="1/3"][info_box title="Licensed Proffesionals" icon="hospital" animation="slideRight" animation_duration="800" animation_delay="600" arrow="dark" arrow_animation="slideRight" arrow_animation_duration="800" arrow_animation_delay="1050"]Urgent care physicians and nurses offer high-quality care. They are licensed and recognized as reputable members of healthcare industry.[/info_box][/vc_column_inner][vc_column_inner width="1/3"][info_box title="Cost Effective" icon="people" animation="slideRight" animation_duration="800" animation_delay="1500"]The cost of seeing a physician at a medical immediate care facility will be much more affordable than seeing a physician in an emergency room.[/info_box][/vc_column_inner][/vc_row_inner][/vc_column][/vc_row][vc_row top_margin="page-margin-top-section-vlarge"][vc_column width="1/2"][box_header title="Gynecological Outpatient" bottom_border="1" animation="0"][box_header title="In the field gynecological care, we offer prophylaxis, diagnostics and treatment" type="h2" bottom_border="0" class="large margin-top-30"][vc_column_text el_class="large margin-top-10"]The offer of medical services of the Pregnancy Clinic in the field of gynecology is very wide and includes both simple and complex procedures. In the field of gynecological care, we offer among others prevention, diagnosis and treatment of diseases of the reproductive organ, breast diseases or cancer.[/vc_column_text][vc_row_inner top_margin="page-margin-top"][vc_column_inner width="1/2"][features ids="4031" category="-" type="circle" style="light" headers="1" headers_links="0" read_more="0" icon_links="0" el_class="align-left"][/vc_column_inner][vc_column_inner width="1/2"][features ids="4032" type="circle" style="light" headers="1" headers_links="0" read_more="0" icon_links="0" el_class="align-left"][/vc_column_inner][/vc_row_inner][/vc_column][vc_column width="1/2" css=".vc_custom_1617720546330{background-position: 0 0 !important;background-repeat: no-repeat !important;}"][vc_single_image image="4009" img_size="full" el_class="side-image side-image-flower-2"][vc_single_image image="3854" img_size="full" alignment="right"][vc_widget_sidebar sidebar_id="sidebar-opening-hours" el_class="vc_col-sm-8 side-widget"][/vc_column][/vc_row][vc_row type="full-width" top_margin="page-margin-top-section-vlarge" el_class="flex-box" css=".vc_custom_1620391496774{background-color: #ffffff !important;}"][vc_column width="1/2" css=".vc_custom_1620227810123{background-image: url(http://quanticalabs.com/wptest/medicenter-new/files/2018/10/placeholder.jpg) !important;background-position: center !important;background-repeat: no-repeat !important;background-size: cover !important;}"][vc_single_image image="3750" img_size="large-thumb" el_class="flex-hide"][/vc_column][vc_column width="1/2" el_class="padding-bottom-128 column-limited"][vc_row_inner el_class="padding-left-100"][vc_column_inner][box_header title="Our Patients Opinions" bottom_border="1" animation="0" class="margin-top-92"][box_header title="Our Patients Opinions" type="h2" bottom_border="0" class="large margin-top-30"][vc_column_text el_class="large margin-top-10"]The Family Birth Center at Medicenter is a unique, full-service facility offering moms-to-be leading edge care in a comfortable, nurturing setting. We offer care through delivery and post-natal treatment to ensure you a happy and the best possible birthing experience.[/vc_column_text][vc_progress_bar values="%5B%7B%22label%22%3A%22Remember%20the%20stay%20well%22%2C%22value%22%3A%2292%22%7D%2C%7B%22label%22%3A%22Rate%20the%20kitchen%20well%22%2C%22value%22%3A%2285%22%7D%2C%7B%22label%22%3A%22Benefited%20from%20classes%22%2C%22value%22%3A%2265%22%7D%5D" units="%" el_class="page-margin-top"][/vc_column_inner][/vc_row_inner][/vc_column][/vc_row][vc_row type="full-width" el_class="flex-box" css=".vc_custom_1617803602003{background-color: #ffffff !important;}"][vc_column width="1/2" el_class="padding-bottom-100 column-limited"][vc_row_inner el_class="padding-right-100"][vc_column_inner][box_header title="Contact details" bottom_border="1" animation="0" class="margin-top-92"][box_header title="Pregnancy Clinic Chicago" type="h2" bottom_border="0" class="large margin-top-30"][/vc_column_inner][/vc_row_inner][vc_row_inner el_class="padding-right-100 margin-top-15"][vc_column_inner width="1/2"][vc_column_text el_class="large"]2702 Memory Lane, office 5
Chicago, IL 60605
admin@medicenter.com[/vc_column_text][/vc_column_inner][vc_column_inner width="1/2"][vc_column_text el_class="large"]Hours of Operation
Mon - Fri: 08:00 am - 05:00 pm
Sat: 09:00 am - 03:00 pm[/vc_column_text][/vc_column_inner][/vc_row_inner][vc_row_inner el_class="margin-top-20"][vc_column_inner][box_header title="In Case of Emergency Call" type="h2" bottom_border="0"][box_header title="(510) 210-5225" type="h2" bottom_border="0"][vc_column_text el_class="large margin-top-10"]To schedule an appointment, please fill out the form below.[/vc_column_text][vc_button title="MAKE AN APPOINTMENT" size="large" icon="template-arrow-horizontal-1-after" style="light-color" href="contact/" el_class="margin-top-20"][/vc_column_inner][/vc_row_inner][/vc_column][vc_column width="1/2"][medicenter_map height="695px" zoom="12" icon_width="38" icon_height="48" icon_anchor_x="18" icon_anchor_y="48"][/vc_column][/vc_row]]]></content:encoded>
		<excerpt:encoded><![CDATA[]]></excerpt:encoded>
		<wp:post_id>3978</wp:post_id>
		<wp:post_date><![CDATA[2021-05-05 14:26:46]]></wp:post_date>
		<wp:post_date_gmt><![CDATA[2021-05-05 14:26:46]]></wp:post_date_gmt>
		<wp:comment_status><![CDATA[closed]]></wp:comment_status>
		<wp:ping_status><![CDATA[closed]]></wp:ping_status>
		<wp:post_name><![CDATA[home-pregnancy]]></wp:post_name>
		<wp:status><![CDATA[publish]]></wp:status>
		<wp:post_parent>0</wp:post_parent>
		<wp:menu_order>0</wp:menu_order>
		<wp:post_type><![CDATA[page]]></wp:post_type>
		<wp:post_password><![CDATA[]]></wp:post_password>
		<wp:is_sticky>0</wp:is_sticky>
														<wp:postmeta>
		<wp:meta_key><![CDATA[_edit_last]]></wp:meta_key>
		<wp:meta_value><![CDATA[1]]></wp:meta_value>
		</wp:postmeta>
							<wp:postmeta>
		<wp:meta_key><![CDATA[_wp_page_template]]></wp:meta_key>
		<wp:meta_value><![CDATA[template-default-without-breadcrumbs.php]]></wp:meta_value>
		</wp:postmeta>
							<wp:postmeta>
		<wp:meta_key><![CDATA[page_sidebar_footer_top]]></wp:meta_key>
		<wp:meta_value><![CDATA[115]]></wp:meta_value>
		</wp:postmeta>
							<wp:postmeta>
		<wp:meta_key><![CDATA[page_sidebar_footer_bottom]]></wp:meta_key>
		<wp:meta_value><![CDATA[116]]></wp:meta_value>
		</wp:postmeta>
							<wp:postmeta>
		<wp:meta_key><![CDATA[medicenter_page_sidebars]]></wp:meta_key>
		<wp:meta_value><![CDATA[a:2:{i:0;s:3:"115";i:1;s:3:"116";}]]></wp:meta_value>
		</wp:postmeta>
							<wp:postmeta>
		<wp:meta_key><![CDATA[_wpb_vc_js_status]]></wp:meta_key>
		<wp:meta_value><![CDATA[true]]></wp:meta_value>
		</wp:postmeta>
							<wp:postmeta>
		<wp:meta_key><![CDATA[_wpb_post_custom_css]]></wp:meta_key>
		<wp:meta_value><![CDATA[.theme-page
{
    padding-bottom: 0;
}]]></wp:meta_value>
		</wp:postmeta>
							<wp:postmeta>
		<wp:meta_key><![CDATA[_wpb_shortcodes_custom_css]]></wp:meta_key>
		<wp:meta_value><![CDATA[.vc_custom_1617107143588{background-color: #606ba2 !important;}.vc_custom_1620391205988{background: #ebe6e3 url(http://quanticalabs.com/wptest/medicenter-new/files/2021/05/image_04.jpg?id=3997) !important;background-position: 0 0 !important;background-repeat: no-repeat !important;}.vc_custom_1620742528523{background-image: url(http://quanticalabs.com/wptest/medicenter-new/files/2018/10/placeholder.jpg) !important;}.vc_custom_1620391496774{background-color: #ffffff !important;}.vc_custom_1617803602003{background-color: #ffffff !important;}.vc_custom_1616602098895{background-position: 0 0 !important;background-repeat: no-repeat !important;}.vc_custom_1617109981100{background-color: #ffffff !important;}.vc_custom_1617720546330{background-position: 0 0 !important;background-repeat: no-repeat !important;}.vc_custom_1620227810123{background-image: url(http://quanticalabs.com/wptest/medicenter-new/files/2018/10/placeholder.jpg) !important;background-position: center !important;background-repeat: no-repeat !important;background-size: cover !important;}]]></wp:meta_value>
		</wp:postmeta>
	</item>
	<item>
		<title>Outpatient Service</title>
		<link>http://quanticalabs.com/wptest/medicenter-new/features/outpatient-service/</link>
		<pubDate>Fri, 07 May 2021 09:51:34 +0000</pubDate>
		<dc:creator><![CDATA[admin]]></dc:creator>
		<guid isPermaLink="false">http://quanticalabs.com/wptest/medicenter-new/?post_type=features&#038;p=4022</guid>
		<description></description>
		<content:encoded><![CDATA[]]></content:encoded>
		<excerpt:encoded><![CDATA[We provide comprehensive outpatient assistance and emergency care without the need for prior registration.]]></excerpt:encoded>
		<wp:post_id>4022</wp:post_id>
		<wp:post_date><![CDATA[2021-05-07 09:51:34]]></wp:post_date>
		<wp:post_date_gmt><![CDATA[2021-05-07 09:51:34]]></wp:post_date_gmt>
		<wp:comment_status><![CDATA[open]]></wp:comment_status>
		<wp:ping_status><![CDATA[closed]]></wp:ping_status>
		<wp:post_name><![CDATA[outpatient-service]]></wp:post_name>
		<wp:status><![CDATA[publish]]></wp:status>
		<wp:post_parent>0</wp:post_parent>
		<wp:menu_order>0</wp:menu_order>
		<wp:post_type><![CDATA[features]]></wp:post_type>
		<wp:post_password><![CDATA[]]></wp:post_password>
		<wp:is_sticky>0</wp:is_sticky>
														<wp:postmeta>
		<wp:meta_key><![CDATA[_edit_last]]></wp:meta_key>
		<wp:meta_value><![CDATA[1]]></wp:meta_value>
		</wp:postmeta>
							<wp:postmeta>
		<wp:meta_key><![CDATA[icon]]></wp:meta_key>
		<wp:meta_value><![CDATA[stethoscope]]></wp:meta_value>
		</wp:postmeta>
							<wp:postmeta>
		<wp:meta_key><![CDATA[rs_page_bg_color]]></wp:meta_key>
		<wp:meta_value><![CDATA[]]></wp:meta_value>
		</wp:postmeta>
							<wp:postmeta>
		<wp:meta_key><![CDATA[_wpb_vc_js_status]]></wp:meta_key>
		<wp:meta_value><![CDATA[false]]></wp:meta_value>
		</wp:postmeta>
	</item>
	<item>
		<title>Hospital Treatment</title>
		<link>http://quanticalabs.com/wptest/medicenter-new/features/hospital-treatment/</link>
		<pubDate>Fri, 07 May 2021 09:53:12 +0000</pubDate>
		<dc:creator><![CDATA[admin]]></dc:creator>
		<guid isPermaLink="false">http://quanticalabs.com/wptest/medicenter-new/?post_type=features&#038;p=4023</guid>
		<description></description>
		<content:encoded><![CDATA[]]></content:encoded>
		<excerpt:encoded><![CDATA[We have a fully equipped modern hospital ward where we take care of every mother and her children.]]></excerpt:encoded>
		<wp:post_id>4023</wp:post_id>
		<wp:post_date><![CDATA[2021-05-07 09:53:12]]></wp:post_date>
		<wp:post_date_gmt><![CDATA[2021-05-07 09:53:12]]></wp:post_date_gmt>
		<wp:comment_status><![CDATA[open]]></wp:comment_status>
		<wp:ping_status><![CDATA[closed]]></wp:ping_status>
		<wp:post_name><![CDATA[hospital-treatment]]></wp:post_name>
		<wp:status><![CDATA[publish]]></wp:status>
		<wp:post_parent>0</wp:post_parent>
		<wp:menu_order>0</wp:menu_order>
		<wp:post_type><![CDATA[features]]></wp:post_type>
		<wp:post_password><![CDATA[]]></wp:post_password>
		<wp:is_sticky>0</wp:is_sticky>
														<wp:postmeta>
		<wp:meta_key><![CDATA[_edit_last]]></wp:meta_key>
		<wp:meta_value><![CDATA[1]]></wp:meta_value>
		</wp:postmeta>
							<wp:postmeta>
		<wp:meta_key><![CDATA[icon]]></wp:meta_key>
		<wp:meta_value><![CDATA[drip]]></wp:meta_value>
		</wp:postmeta>
							<wp:postmeta>
		<wp:meta_key><![CDATA[rs_page_bg_color]]></wp:meta_key>
		<wp:meta_value><![CDATA[]]></wp:meta_value>
		</wp:postmeta>
							<wp:postmeta>
		<wp:meta_key><![CDATA[_wpb_vc_js_status]]></wp:meta_key>
		<wp:meta_value><![CDATA[false]]></wp:meta_value>
		</wp:postmeta>
	</item>
	<item>
		<title>Child-oriented</title>
		<link>http://quanticalabs.com/wptest/medicenter-new/features/child-oriented/</link>
		<pubDate>Fri, 07 May 2021 09:54:28 +0000</pubDate>
		<dc:creator><![CDATA[admin]]></dc:creator>
		<guid isPermaLink="false">http://quanticalabs.com/wptest/medicenter-new/?post_type=features&#038;p=4024</guid>
		<description></description>
		<content:encoded><![CDATA[]]></content:encoded>
		<excerpt:encoded><![CDATA[Our children's needs always come first. Smiling staff, colorful and modern rooms and offices, healthy and tasty cuisine.]]></excerpt:encoded>
		<wp:post_id>4024</wp:post_id>
		<wp:post_date><![CDATA[2021-05-07 09:54:28]]></wp:post_date>
		<wp:post_date_gmt><![CDATA[2021-05-07 09:54:28]]></wp:post_date_gmt>
		<wp:comment_status><![CDATA[open]]></wp:comment_status>
		<wp:ping_status><![CDATA[closed]]></wp:ping_status>
		<wp:post_name><![CDATA[child-oriented]]></wp:post_name>
		<wp:status><![CDATA[publish]]></wp:status>
		<wp:post_parent>0</wp:post_parent>
		<wp:menu_order>0</wp:menu_order>
		<wp:post_type><![CDATA[features]]></wp:post_type>
		<wp:post_password><![CDATA[]]></wp:post_password>
		<wp:is_sticky>0</wp:is_sticky>
														<wp:postmeta>
		<wp:meta_key><![CDATA[_edit_last]]></wp:meta_key>
		<wp:meta_value><![CDATA[1]]></wp:meta_value>
		</wp:postmeta>
							<wp:postmeta>
		<wp:meta_key><![CDATA[icon]]></wp:meta_key>
		<wp:meta_value><![CDATA[teddy-bear]]></wp:meta_value>
		</wp:postmeta>
							<wp:postmeta>
		<wp:meta_key><![CDATA[rs_page_bg_color]]></wp:meta_key>
		<wp:meta_value><![CDATA[]]></wp:meta_value>
		</wp:postmeta>
							<wp:postmeta>
		<wp:meta_key><![CDATA[_wpb_vc_js_status]]></wp:meta_key>
		<wp:meta_value><![CDATA[false]]></wp:meta_value>
		</wp:postmeta>
	</item>
	<item>
		<title>Family Planning</title>
		<link>http://quanticalabs.com/wptest/medicenter-new/features/family-planning/</link>
		<pubDate>Fri, 07 May 2021 09:55:29 +0000</pubDate>
		<dc:creator><![CDATA[admin]]></dc:creator>
		<guid isPermaLink="false">http://quanticalabs.com/wptest/medicenter-new/?post_type=features&#038;p=4025</guid>
		<description></description>
		<content:encoded><![CDATA[]]></content:encoded>
		<excerpt:encoded><![CDATA[We know how important the family is, so we will take care of you and provide you with a professional approach.]]></excerpt:encoded>
		<wp:post_id>4025</wp:post_id>
		<wp:post_date><![CDATA[2021-05-07 09:55:29]]></wp:post_date>
		<wp:post_date_gmt><![CDATA[2021-05-07 09:55:29]]></wp:post_date_gmt>
		<wp:comment_status><![CDATA[open]]></wp:comment_status>
		<wp:ping_status><![CDATA[closed]]></wp:ping_status>
		<wp:post_name><![CDATA[family-planning]]></wp:post_name>
		<wp:status><![CDATA[publish]]></wp:status>
		<wp:post_parent>0</wp:post_parent>
		<wp:menu_order>0</wp:menu_order>
		<wp:post_type><![CDATA[features]]></wp:post_type>
		<wp:post_password><![CDATA[]]></wp:post_password>
		<wp:is_sticky>0</wp:is_sticky>
														<wp:postmeta>
		<wp:meta_key><![CDATA[_edit_last]]></wp:meta_key>
		<wp:meta_value><![CDATA[1]]></wp:meta_value>
		</wp:postmeta>
							<wp:postmeta>
		<wp:meta_key><![CDATA[icon]]></wp:meta_key>
		<wp:meta_value><![CDATA[baby]]></wp:meta_value>
		</wp:postmeta>
							<wp:postmeta>
		<wp:meta_key><![CDATA[rs_page_bg_color]]></wp:meta_key>
		<wp:meta_value><![CDATA[]]></wp:meta_value>
		</wp:postmeta>
							<wp:postmeta>
		<wp:meta_key><![CDATA[_wpb_vc_js_status]]></wp:meta_key>
		<wp:meta_value><![CDATA[false]]></wp:meta_value>
		</wp:postmeta>
	</item>
	<item>
		<title>Perinatal Care</title>
		<link>http://quanticalabs.com/wptest/medicenter-new/features/perinatal-care/</link>
		<pubDate>Fri, 07 May 2021 09:56:23 +0000</pubDate>
		<dc:creator><![CDATA[admin]]></dc:creator>
		<guid isPermaLink="false">http://quanticalabs.com/wptest/medicenter-new/?post_type=features&#038;p=4026</guid>
		<description></description>
		<content:encoded><![CDATA[]]></content:encoded>
		<excerpt:encoded><![CDATA[Perinatal care is important to every mother. We will provide you with support and knowledge at this important time.]]></excerpt:encoded>
		<wp:post_id>4026</wp:post_id>
		<wp:post_date><![CDATA[2021-05-07 09:56:23]]></wp:post_date>
		<wp:post_date_gmt><![CDATA[2021-05-07 09:56:23]]></wp:post_date_gmt>
		<wp:comment_status><![CDATA[open]]></wp:comment_status>
		<wp:ping_status><![CDATA[closed]]></wp:ping_status>
		<wp:post_name><![CDATA[perinatal-care]]></wp:post_name>
		<wp:status><![CDATA[publish]]></wp:status>
		<wp:post_parent>0</wp:post_parent>
		<wp:menu_order>0</wp:menu_order>
		<wp:post_type><![CDATA[features]]></wp:post_type>
		<wp:post_password><![CDATA[]]></wp:post_password>
		<wp:is_sticky>0</wp:is_sticky>
														<wp:postmeta>
		<wp:meta_key><![CDATA[_edit_last]]></wp:meta_key>
		<wp:meta_value><![CDATA[1]]></wp:meta_value>
		</wp:postmeta>
							<wp:postmeta>
		<wp:meta_key><![CDATA[icon]]></wp:meta_key>
		<wp:meta_value><![CDATA[baby-bottle]]></wp:meta_value>
		</wp:postmeta>
							<wp:postmeta>
		<wp:meta_key><![CDATA[rs_page_bg_color]]></wp:meta_key>
		<wp:meta_value><![CDATA[]]></wp:meta_value>
		</wp:postmeta>
							<wp:postmeta>
		<wp:meta_key><![CDATA[_wpb_vc_js_status]]></wp:meta_key>
		<wp:meta_value><![CDATA[false]]></wp:meta_value>
		</wp:postmeta>
	</item>
	<item>
		<title>Midwife Care</title>
		<link>http://quanticalabs.com/wptest/medicenter-new/features/midwife-care/</link>
		<pubDate>Fri, 07 May 2021 09:57:26 +0000</pubDate>
		<dc:creator><![CDATA[admin]]></dc:creator>
		<guid isPermaLink="false">http://quanticalabs.com/wptest/medicenter-new/?post_type=features&#038;p=4027</guid>
		<description></description>
		<content:encoded><![CDATA[]]></content:encoded>
		<excerpt:encoded><![CDATA[Our midwives will accompany you even when you leave our care center. They will provide the necessary support.]]></excerpt:encoded>
		<wp:post_id>4027</wp:post_id>
		<wp:post_date><![CDATA[2021-05-07 09:57:26]]></wp:post_date>
		<wp:post_date_gmt><![CDATA[2021-05-07 09:57:26]]></wp:post_date_gmt>
		<wp:comment_status><![CDATA[open]]></wp:comment_status>
		<wp:ping_status><![CDATA[closed]]></wp:ping_status>
		<wp:post_name><![CDATA[midwife-care]]></wp:post_name>
		<wp:status><![CDATA[publish]]></wp:status>
		<wp:post_parent>0</wp:post_parent>
		<wp:menu_order>0</wp:menu_order>
		<wp:post_type><![CDATA[features]]></wp:post_type>
		<wp:post_password><![CDATA[]]></wp:post_password>
		<wp:is_sticky>0</wp:is_sticky>
														<wp:postmeta>
		<wp:meta_key><![CDATA[_edit_last]]></wp:meta_key>
		<wp:meta_value><![CDATA[1]]></wp:meta_value>
		</wp:postmeta>
							<wp:postmeta>
		<wp:meta_key><![CDATA[icon]]></wp:meta_key>
		<wp:meta_value><![CDATA[baby-bed]]></wp:meta_value>
		</wp:postmeta>
							<wp:postmeta>
		<wp:meta_key><![CDATA[rs_page_bg_color]]></wp:meta_key>
		<wp:meta_value><![CDATA[]]></wp:meta_value>
		</wp:postmeta>
							<wp:postmeta>
		<wp:meta_key><![CDATA[_wpb_vc_js_status]]></wp:meta_key>
		<wp:meta_value><![CDATA[false]]></wp:meta_value>
		</wp:postmeta>
	</item>
	<item>
		<title>Peace and Safeness</title>
		<link>http://quanticalabs.com/wptest/medicenter-new/features/peace-and-safeness/</link>
		<pubDate>Fri, 07 May 2021 10:05:06 +0000</pubDate>
		<dc:creator><![CDATA[admin]]></dc:creator>
		<guid isPermaLink="false">http://quanticalabs.com/wptest/medicenter-new/?post_type=features&#038;p=4031</guid>
		<description></description>
		<content:encoded><![CDATA[]]></content:encoded>
		<excerpt:encoded><![CDATA[A wide range of medical procedures available in our clinic immediately will provide you with peace of mind.]]></excerpt:encoded>
		<wp:post_id>4031</wp:post_id>
		<wp:post_date><![CDATA[2021-05-07 10:05:06]]></wp:post_date>
		<wp:post_date_gmt><![CDATA[2021-05-07 10:05:06]]></wp:post_date_gmt>
		<wp:comment_status><![CDATA[open]]></wp:comment_status>
		<wp:ping_status><![CDATA[closed]]></wp:ping_status>
		<wp:post_name><![CDATA[peace-and-safeness]]></wp:post_name>
		<wp:status><![CDATA[publish]]></wp:status>
		<wp:post_parent>0</wp:post_parent>
		<wp:menu_order>0</wp:menu_order>
		<wp:post_type><![CDATA[features]]></wp:post_type>
		<wp:post_password><![CDATA[]]></wp:post_password>
		<wp:is_sticky>0</wp:is_sticky>
														<wp:postmeta>
		<wp:meta_key><![CDATA[_edit_last]]></wp:meta_key>
		<wp:meta_value><![CDATA[1]]></wp:meta_value>
		</wp:postmeta>
							<wp:postmeta>
		<wp:meta_key><![CDATA[icon]]></wp:meta_key>
		<wp:meta_value><![CDATA[spa]]></wp:meta_value>
		</wp:postmeta>
							<wp:postmeta>
		<wp:meta_key><![CDATA[rs_page_bg_color]]></wp:meta_key>
		<wp:meta_value><![CDATA[]]></wp:meta_value>
		</wp:postmeta>
							<wp:postmeta>
		<wp:meta_key><![CDATA[_wpb_vc_js_status]]></wp:meta_key>
		<wp:meta_value><![CDATA[false]]></wp:meta_value>
		</wp:postmeta>
	</item>
	<item>
		<title>Experienced Staff</title>
		<link>http://quanticalabs.com/wptest/medicenter-new/features/experienced-staff/</link>
		<pubDate>Fri, 07 May 2021 10:06:47 +0000</pubDate>
		<dc:creator><![CDATA[admin]]></dc:creator>
		<guid isPermaLink="false">http://quanticalabs.com/wptest/medicenter-new/?post_type=features&#038;p=4032</guid>
		<description></description>
		<content:encoded><![CDATA[]]></content:encoded>
		<excerpt:encoded><![CDATA[Patient-oriented medical staff, nursing and medical care available around the clock to make you feel safe.]]></excerpt:encoded>
		<wp:post_id>4032</wp:post_id>
		<wp:post_date><![CDATA[2021-05-07 10:06:47]]></wp:post_date>
		<wp:post_date_gmt><![CDATA[2021-05-07 10:06:47]]></wp:post_date_gmt>
		<wp:comment_status><![CDATA[open]]></wp:comment_status>
		<wp:ping_status><![CDATA[closed]]></wp:ping_status>
		<wp:post_name><![CDATA[experienced-staff]]></wp:post_name>
		<wp:status><![CDATA[publish]]></wp:status>
		<wp:post_parent>0</wp:post_parent>
		<wp:menu_order>0</wp:menu_order>
		<wp:post_type><![CDATA[features]]></wp:post_type>
		<wp:post_password><![CDATA[]]></wp:post_password>
		<wp:is_sticky>0</wp:is_sticky>
														<wp:postmeta>
		<wp:meta_key><![CDATA[_edit_last]]></wp:meta_key>
		<wp:meta_value><![CDATA[1]]></wp:meta_value>
		</wp:postmeta>
							<wp:postmeta>
		<wp:meta_key><![CDATA[icon]]></wp:meta_key>
		<wp:meta_value><![CDATA[people]]></wp:meta_value>
		</wp:postmeta>
							<wp:postmeta>
		<wp:meta_key><![CDATA[rs_page_bg_color]]></wp:meta_key>
		<wp:meta_value><![CDATA[]]></wp:meta_value>
		</wp:postmeta>
							<wp:postmeta>
		<wp:meta_key><![CDATA[_wpb_vc_js_status]]></wp:meta_key>
		<wp:meta_value><![CDATA[false]]></wp:meta_value>
		</wp:postmeta>
	</item>
	<item>
		<title>Dr. Sarah L. Blyumin</title>
		<link>http://quanticalabs.com/wptest/medicenter-new/doctors/dr-sarah-l-blyumin/</link>
		<pubDate>Wed, 05 May 2021 15:10:05 +0000</pubDate>
		<dc:creator><![CDATA[admin]]></dc:creator>
		<guid isPermaLink="false">http://quanticalabs.com/wptest/medicenter-new/?post_type=doctors&#038;p=3999</guid>
		<description></description>
		<content:encoded><![CDATA[[vc_row el_position="first last"][vc_column width="1/3"][doctor_box title_box="1" display_social_icons="1" headers="1" headers_links="1" headers_border="1" show_subtitle="1" show_excerpt="1" show_social_icons="1" show_featured_image="1" featured_image_links="1"][/vc_column][vc_column width="2/3"][box_header title="Dr. Sarah L. Blyumin" type="h2" bottom_border="1" animation="1"][vc_row_inner][vc_column_inner width="1/2"][vc_column_text el_class="description"]Dr. Adams is certified by the American Board in Internal Medicine and in hematology and medical oncology. He currently serves as a consultant in medical oncology at Medicenter Hospital and as the program director for the National Healthcare Group Medical Oncology Residency Program, which is run in collaboration with Medicenter Hospital.[/vc_column_text][vc_button title="TIMETABLE" icon="template-arrow-horizontal-1-after" href="http://quanticalabs.com/wptest/medicenter-new/timetable/"][/vc_column_inner][vc_column_inner width="1/2"][doctor_description_box][/vc_column_inner][/vc_row_inner][/vc_column][/vc_row][vc_row top_margin="page-margin-top"][vc_column][vc_separator][/vc_column][/vc_row][vc_row top_margin="page-margin-top"][vc_column width="1/3"][features ids="936" type="small" headers="1" headers_links="1" read_more="0" icon_links="1"][/vc_column][vc_column width="1/3"][features ids="281" type="small" headers="1" headers_links="1" read_more="0" icon_links="1"][/vc_column][vc_column width="1/3"][features ids="925" type="small" headers="1" headers_links="1" read_more="0" icon_links="1"][/vc_column][/vc_row][vc_row top_margin="page-margin-top"][vc_column][vc_separator][/vc_column][/vc_row][vc_row top_margin="page-margin-top"][vc_column width="2/3"][box_header title="Services" bottom_border="1" animation="1"][vc_column_text el_class="description"]Dr. Adams is certified by the American Board in Internal Medicine and in hematology and medical oncology. He currently serves as a consultant in medical oncology at Medicenter Hospital and as the program director for the National Healthcare Group Medical Oncology Residency Program, which is run in collaboration with Medicenter Hospital.[/vc_column_text][vc_row_inner top_margin="page-margin-top"][vc_column_inner width="1/2"][items_list animation="0" additembutton="" read_more="0"][item type="items" value="$350" url="" url_target="new_window" icon="" text_color="" value_color="" border_color=""]Colonoscopy[/item][item type="items" value="$275" url="" url_target="new_window" icon="" text_color="" value_color="" border_color=""]Gastroscopy[/item][item type="items" value="$175" url="" url_target="new_window" icon="" text_color="" value_color="" border_color=""]Allergy Testing[/item][item type="items" value="$100" url="" url_target="new_window" icon="" text_color="" value_color="" border_color=""]Molecule[/item][/items_list][/vc_column_inner][vc_column_inner width="1/2"][items_list animation="0" additembutton="" read_more="0"][item type="items" value="$350" url="" url_target="new_window" icon="" text_color="" value_color="" border_color=""]CT Scan[/item][item type="items" value="$275" url="" url_target="new_window" icon="" text_color="" value_color="" border_color=""]Bronchoscopy[/item][/items_list][/vc_column_inner][/vc_row_inner][vc_row_inner top_margin="page-margin-top"][vc_column_inner][box_header title="Medical Education" bottom_border="1" animation="1"][timeline_item label="SINCE 2005" label_position="" title="Royal College of Surgeons of Edinburg" subtitle="HEAD OF THE DEPARTMENT" animations="1" top_margin="page-margin-top"]Paetos dignissim at cursus elefeind norma arcu. Pellentesque accumsan est in tempus etos ullamcorper, sem quam suscipit lacus maecenas tortor.[/timeline_item][timeline_item label="SINCE 2002" title="Fellowship, Royal College of Physicians &amp; Surgeons of Glasgow" subtitle="DOCTOR" animations="1"]Paetos dignissim at cursus elefeind norma arcu. Pellentesque accumsan est in tempus etos ullamcorper, sem quam suscipit lacus maecenas tortor.[/timeline_item][timeline_item label="1998 - 2002" title="Residency, St. Vincent's University Hospital" subtitle="INTERN" animations="1"]Paetos dignissim at cursus elefeind norma arcu. Pellentesque accumsan est in tempus etos ullamcorper, sem quam suscipit lacus maecenas tortor.[/timeline_item][/vc_column_inner][/vc_row_inner][/vc_column][vc_column width="1/3"][vc_widget_sidebar sidebar_id="sidebar-home-right-style-2"][/vc_column][/vc_row]]]></content:encoded>
		<excerpt:encoded><![CDATA[Obstetrics and Gynecology Specialist. Privately, she is passionate about snowboarding and skiing.]]></excerpt:encoded>
		<wp:post_id>3999</wp:post_id>
		<wp:post_date><![CDATA[2021-05-05 15:10:05]]></wp:post_date>
		<wp:post_date_gmt><![CDATA[2021-05-05 15:10:05]]></wp:post_date_gmt>
		<wp:comment_status><![CDATA[closed]]></wp:comment_status>
		<wp:ping_status><![CDATA[closed]]></wp:ping_status>
		<wp:post_name><![CDATA[dr-sarah-l-blyumin]]></wp:post_name>
		<wp:status><![CDATA[publish]]></wp:status>
		<wp:post_parent>0</wp:post_parent>
		<wp:menu_order>0</wp:menu_order>
		<wp:post_type><![CDATA[doctors]]></wp:post_type>
		<wp:post_password><![CDATA[]]></wp:post_password>
		<wp:is_sticky>0</wp:is_sticky>
														<wp:postmeta>
		<wp:meta_key><![CDATA[_edit_last]]></wp:meta_key>
		<wp:meta_value><![CDATA[1]]></wp:meta_value>
		</wp:postmeta>
							<wp:postmeta>
		<wp:meta_key><![CDATA[_thumbnail_id]]></wp:meta_key>
		<wp:meta_value><![CDATA[3213]]></wp:meta_value>
		</wp:postmeta>
							<wp:postmeta>
		<wp:meta_key><![CDATA[subtitle]]></wp:meta_key>
		<wp:meta_value><![CDATA[Doctor of Medical Sciences]]></wp:meta_value>
		</wp:postmeta>
							<wp:postmeta>
		<wp:meta_key><![CDATA[doctor_description]]></wp:meta_key>
		<wp:meta_value><![CDATA[<table class="margin-top-30">
<tbody>
<tr>
<td>Speciality</td>
<td>Human Resources</td>
</tr>
<tr>
<td>Degrees</td>
<td>Master of Economics</td>
</tr>
<tr>
<td>Areas of Expertise</td>
<td>[items_list type="simple"][item icon="check"]Adolescent Health[/item][item icon="check"]Immunology[/item][item icon="check"]Internal Medicine[/item][/items_list]</td>
</tr>
<tr>
<td>Office</td>
<td>312, Hall C</td>
</tr>
<tr>
<td>Gender</td>
<td>Female</td>
</tr>
</tbody>
</table>]]></wp:meta_value>
		</wp:postmeta>
							<wp:postmeta>
		<wp:meta_key><![CDATA[image_title]]></wp:meta_key>
		<wp:meta_value><![CDATA[]]></wp:meta_value>
		</wp:postmeta>
							<wp:postmeta>
		<wp:meta_key><![CDATA[video_url]]></wp:meta_key>
		<wp:meta_value><![CDATA[]]></wp:meta_value>
		</wp:postmeta>
							<wp:postmeta>
		<wp:meta_key><![CDATA[iframe_url]]></wp:meta_key>
		<wp:meta_value><![CDATA[]]></wp:meta_value>
		</wp:postmeta>
							<wp:postmeta>
		<wp:meta_key><![CDATA[external_url]]></wp:meta_key>
		<wp:meta_value><![CDATA[]]></wp:meta_value>
		</wp:postmeta>
							<wp:postmeta>
		<wp:meta_key><![CDATA[external_url_target]]></wp:meta_key>
		<wp:meta_value><![CDATA[same_window]]></wp:meta_value>
		</wp:postmeta>
							<wp:postmeta>
		<wp:meta_key><![CDATA[timetable_page]]></wp:meta_key>
		<wp:meta_value><![CDATA[]]></wp:meta_value>
		</wp:postmeta>
							<wp:postmeta>
		<wp:meta_key><![CDATA[social_icon_type]]></wp:meta_key>
		<wp:meta_value><![CDATA[a:3:{i:0;s:8:"facebook";i:1;s:4:"xing";i:2;s:5:"vimeo";}]]></wp:meta_value>
		</wp:postmeta>
							<wp:postmeta>
		<wp:meta_key><![CDATA[social_icon_url]]></wp:meta_key>
		<wp:meta_value><![CDATA[a:4:{i:0;s:33:"https://facebook.com/QuanticaLabs";i:1;s:46:"https://www.linkedin.com/showcase/quanticalabs";i:2;s:46:"https://1.envato.market/quanticalabs-portfolio";i:3;s:0:"";}]]></wp:meta_value>
		</wp:postmeta>
							<wp:postmeta>
		<wp:meta_key><![CDATA[social_icon_target]]></wp:meta_key>
		<wp:meta_value><![CDATA[a:4:{i:0;s:10:"new_window";i:1;s:10:"new_window";i:2;s:10:"new_window";i:3;s:11:"same_window";}]]></wp:meta_value>
		</wp:postmeta>
							<wp:postmeta>
		<wp:meta_key><![CDATA[medicenter_attachment_ids]]></wp:meta_key>
		<wp:meta_value><![CDATA[a:3:{i:0;s:0:"";i:1;s:0:"";i:2;s:0:"";}]]></wp:meta_value>
		</wp:postmeta>
							<wp:postmeta>
		<wp:meta_key><![CDATA[medicenter_images]]></wp:meta_key>
		<wp:meta_value><![CDATA[a:0:{}]]></wp:meta_value>
		</wp:postmeta>
							<wp:postmeta>
		<wp:meta_key><![CDATA[medicenter_images_titles]]></wp:meta_key>
		<wp:meta_value><![CDATA[a:3:{i:0;s:0:"";i:1;s:0:"";i:2;s:0:"";}]]></wp:meta_value>
		</wp:postmeta>
							<wp:postmeta>
		<wp:meta_key><![CDATA[medicenter_videos]]></wp:meta_key>
		<wp:meta_value><![CDATA[a:3:{i:0;s:0:"";i:1;s:0:"";i:2;s:0:"";}]]></wp:meta_value>
		</wp:postmeta>
							<wp:postmeta>
		<wp:meta_key><![CDATA[medicenter_iframes]]></wp:meta_key>
		<wp:meta_value><![CDATA[a:3:{i:0;s:0:"";i:1;s:0:"";i:2;s:0:"";}]]></wp:meta_value>
		</wp:postmeta>
							<wp:postmeta>
		<wp:meta_key><![CDATA[medicenter_external_urls]]></wp:meta_key>
		<wp:meta_value><![CDATA[a:3:{i:0;s:0:"";i:1;s:0:"";i:2;s:0:"";}]]></wp:meta_value>
		</wp:postmeta>
							<wp:postmeta>
		<wp:meta_key><![CDATA[medicenter_features_images_loop]]></wp:meta_key>
		<wp:meta_value><![CDATA[yes]]></wp:meta_value>
		</wp:postmeta>
							<wp:postmeta>
		<wp:meta_key><![CDATA[rs_page_bg_color]]></wp:meta_key>
		<wp:meta_value><![CDATA[]]></wp:meta_value>
		</wp:postmeta>
							<wp:postmeta>
		<wp:meta_key><![CDATA[_wpb_vc_js_status]]></wp:meta_key>
		<wp:meta_value><![CDATA[true]]></wp:meta_value>
		</wp:postmeta>
							<wp:postmeta>
		<wp:meta_key><![CDATA[_wp_old_slug]]></wp:meta_key>
		<wp:meta_value><![CDATA[ann-henner]]></wp:meta_value>
		</wp:postmeta>
	</item>
	<item>
		<title>Dr. Robert Werner</title>
		<link>http://quanticalabs.com/wptest/medicenter-new/doctors/dr-robert-werner/</link>
		<pubDate>Wed, 05 May 2021 15:11:35 +0000</pubDate>
		<dc:creator><![CDATA[admin]]></dc:creator>
		<guid isPermaLink="false">http://quanticalabs.com/wptest/medicenter-new/?post_type=doctors&#038;p=4002</guid>
		<description></description>
		<content:encoded><![CDATA[[vc_row el_position="first last"][vc_column width="1/3"][doctor_box title_box="1" display_social_icons="1" headers="1" headers_links="1" headers_border="1" show_subtitle="1" show_excerpt="1" show_social_icons="1" show_featured_image="1" featured_image_links="1"][/vc_column][vc_column width="2/3"][box_header title="Dr. Robert Werner" type="h2" bottom_border="1" animation="1"][vc_row_inner][vc_column_inner width="1/2"][vc_column_text el_class="description"]Dr. Adams is certified by the American Board in Internal Medicine and in hematology and medical oncology. He currently serves as a consultant in medical oncology at Medicenter Hospital and as the program director for the National Healthcare Group Medical Oncology Residency Program, which is run in collaboration with Medicenter Hospital.[/vc_column_text][vc_button title="TIMETABLE" icon="template-arrow-horizontal-1-after" href="http://quanticalabs.com/wptest/medicenter-new/timetable/"][/vc_column_inner][vc_column_inner width="1/2"][doctor_description_box][/vc_column_inner][/vc_row_inner][/vc_column][/vc_row][vc_row top_margin="page-margin-top"][vc_column][vc_separator][/vc_column][/vc_row][vc_row top_margin="page-margin-top"][vc_column width="1/3"][features ids="936" type="small" headers="1" headers_links="1" read_more="0" icon_links="1"][/vc_column][vc_column width="1/3"][features ids="281" type="small" headers="1" headers_links="1" read_more="0" icon_links="1"][/vc_column][vc_column width="1/3"][features ids="925" type="small" headers="1" headers_links="1" read_more="0" icon_links="1"][/vc_column][/vc_row][vc_row top_margin="page-margin-top"][vc_column][vc_separator][/vc_column][/vc_row][vc_row top_margin="page-margin-top"][vc_column width="2/3"][box_header title="Services" bottom_border="1" animation="1"][vc_column_text el_class="description"]Dr. Adams is certified by the American Board in Internal Medicine and in hematology and medical oncology. He currently serves as a consultant in medical oncology at Medicenter Hospital and as the program director for the National Healthcare Group Medical Oncology Residency Program, which is run in collaboration with Medicenter Hospital.[/vc_column_text][vc_row_inner top_margin="page-margin-top"][vc_column_inner width="1/2"][items_list animation="0" additembutton="" read_more="0"][item type="items" value="$350" url="" url_target="new_window" icon="" text_color="" value_color="" border_color=""]Colonoscopy[/item][item type="items" value="$275" url="" url_target="new_window" icon="" text_color="" value_color="" border_color=""]Gastroscopy[/item][item type="items" value="$175" url="" url_target="new_window" icon="" text_color="" value_color="" border_color=""]Allergy Testing[/item][item type="items" value="$100" url="" url_target="new_window" icon="" text_color="" value_color="" border_color=""]Molecule[/item][/items_list][/vc_column_inner][vc_column_inner width="1/2"][items_list animation="0" additembutton="" read_more="0"][item type="items" value="$350" url="" url_target="new_window" icon="" text_color="" value_color="" border_color=""]CT Scan[/item][item type="items" value="$275" url="" url_target="new_window" icon="" text_color="" value_color="" border_color=""]Bronchoscopy[/item][/items_list][/vc_column_inner][/vc_row_inner][vc_row_inner top_margin="page-margin-top"][vc_column_inner][box_header title="Medical Education" bottom_border="1" animation="1"][timeline_item label="SINCE 2005" label_position="" title="Royal College of Surgeons of Edinburg" subtitle="HEAD OF THE DEPARTMENT" animations="1" top_margin="page-margin-top"]Paetos dignissim at cursus elefeind norma arcu. Pellentesque accumsan est in tempus etos ullamcorper, sem quam suscipit lacus maecenas tortor.[/timeline_item][timeline_item label="SINCE 2002" title="Fellowship, Royal College of Physicians &amp; Surgeons of Glasgow" subtitle="DOCTOR" animations="1"]Paetos dignissim at cursus elefeind norma arcu. Pellentesque accumsan est in tempus etos ullamcorper, sem quam suscipit lacus maecenas tortor.[/timeline_item][timeline_item label="1998 - 2002" title="Residency, St. Vincent's University Hospital" subtitle="INTERN" animations="1"]Paetos dignissim at cursus elefeind norma arcu. Pellentesque accumsan est in tempus etos ullamcorper, sem quam suscipit lacus maecenas tortor.[/timeline_item][/vc_column_inner][/vc_row_inner][/vc_column][vc_column width="1/3"][vc_widget_sidebar sidebar_id="sidebar-home-right-style-2"][/vc_column][/vc_row]]]></content:encoded>
		<excerpt:encoded><![CDATA[A specialist in Neonatology and Pediatrics. Consultant for Neonatal Supervision. Moreover, the chess master.]]></excerpt:encoded>
		<wp:post_id>4002</wp:post_id>
		<wp:post_date><![CDATA[2021-05-05 15:11:35]]></wp:post_date>
		<wp:post_date_gmt><![CDATA[2021-05-05 15:11:35]]></wp:post_date_gmt>
		<wp:comment_status><![CDATA[closed]]></wp:comment_status>
		<wp:ping_status><![CDATA[closed]]></wp:ping_status>
		<wp:post_name><![CDATA[dr-robert-werner]]></wp:post_name>
		<wp:status><![CDATA[publish]]></wp:status>
		<wp:post_parent>0</wp:post_parent>
		<wp:menu_order>0</wp:menu_order>
		<wp:post_type><![CDATA[doctors]]></wp:post_type>
		<wp:post_password><![CDATA[]]></wp:post_password>
		<wp:is_sticky>0</wp:is_sticky>
														<wp:postmeta>
		<wp:meta_key><![CDATA[_edit_last]]></wp:meta_key>
		<wp:meta_value><![CDATA[1]]></wp:meta_value>
		</wp:postmeta>
							<wp:postmeta>
		<wp:meta_key><![CDATA[_thumbnail_id]]></wp:meta_key>
		<wp:meta_value><![CDATA[3211]]></wp:meta_value>
		</wp:postmeta>
							<wp:postmeta>
		<wp:meta_key><![CDATA[subtitle]]></wp:meta_key>
		<wp:meta_value><![CDATA[Doctor of Medical Sciences]]></wp:meta_value>
		</wp:postmeta>
							<wp:postmeta>
		<wp:meta_key><![CDATA[doctor_description]]></wp:meta_key>
		<wp:meta_value><![CDATA[<table class="margin-top-30">
<tbody>
<tr>
<td>Speciality</td>
<td>Human Resources</td>
</tr>
<tr>
<td>Degrees</td>
<td>Master of Economics</td>
</tr>
<tr>
<td>Areas of Expertise</td>
<td>[items_list type="simple"][item icon="check"]Adolescent Health[/item][item icon="check"]Immunology[/item][item icon="check"]Internal Medicine[/item][/items_list]</td>
</tr>
<tr>
<td>Office</td>
<td>312, Hall C</td>
</tr>
<tr>
<td>Gender</td>
<td>Male</td>
</tr>
</tbody>
</table>]]></wp:meta_value>
		</wp:postmeta>
							<wp:postmeta>
		<wp:meta_key><![CDATA[image_title]]></wp:meta_key>
		<wp:meta_value><![CDATA[]]></wp:meta_value>
		</wp:postmeta>
							<wp:postmeta>
		<wp:meta_key><![CDATA[video_url]]></wp:meta_key>
		<wp:meta_value><![CDATA[]]></wp:meta_value>
		</wp:postmeta>
							<wp:postmeta>
		<wp:meta_key><![CDATA[iframe_url]]></wp:meta_key>
		<wp:meta_value><![CDATA[]]></wp:meta_value>
		</wp:postmeta>
							<wp:postmeta>
		<wp:meta_key><![CDATA[external_url]]></wp:meta_key>
		<wp:meta_value><![CDATA[]]></wp:meta_value>
		</wp:postmeta>
							<wp:postmeta>
		<wp:meta_key><![CDATA[external_url_target]]></wp:meta_key>
		<wp:meta_value><![CDATA[same_window]]></wp:meta_value>
		</wp:postmeta>
							<wp:postmeta>
		<wp:meta_key><![CDATA[timetable_page]]></wp:meta_key>
		<wp:meta_value><![CDATA[]]></wp:meta_value>
		</wp:postmeta>
							<wp:postmeta>
		<wp:meta_key><![CDATA[social_icon_type]]></wp:meta_key>
		<wp:meta_value><![CDATA[a:3:{i:0;s:8:"facebook";i:1;s:5:"email";i:2;s:7:"twitter";}]]></wp:meta_value>
		</wp:postmeta>
							<wp:postmeta>
		<wp:meta_key><![CDATA[social_icon_url]]></wp:meta_key>
		<wp:meta_value><![CDATA[a:4:{i:0;s:33:"https://facebook.com/QuanticaLabs";i:1;s:26:"mailto:medicenter@mail.com";i:2;s:32:"https://twitter.com/QuanticaLabs";i:3;s:0:"";}]]></wp:meta_value>
		</wp:postmeta>
							<wp:postmeta>
		<wp:meta_key><![CDATA[social_icon_target]]></wp:meta_key>
		<wp:meta_value><![CDATA[a:4:{i:0;s:10:"new_window";i:1;s:11:"same_window";i:2;s:10:"new_window";i:3;s:11:"same_window";}]]></wp:meta_value>
		</wp:postmeta>
							<wp:postmeta>
		<wp:meta_key><![CDATA[medicenter_attachment_ids]]></wp:meta_key>
		<wp:meta_value><![CDATA[a:3:{i:0;s:0:"";i:1;s:0:"";i:2;s:0:"";}]]></wp:meta_value>
		</wp:postmeta>
							<wp:postmeta>
		<wp:meta_key><![CDATA[medicenter_images]]></wp:meta_key>
		<wp:meta_value><![CDATA[a:0:{}]]></wp:meta_value>
		</wp:postmeta>
							<wp:postmeta>
		<wp:meta_key><![CDATA[medicenter_images_titles]]></wp:meta_key>
		<wp:meta_value><![CDATA[a:3:{i:0;s:0:"";i:1;s:0:"";i:2;s:0:"";}]]></wp:meta_value>
		</wp:postmeta>
							<wp:postmeta>
		<wp:meta_key><![CDATA[medicenter_videos]]></wp:meta_key>
		<wp:meta_value><![CDATA[a:3:{i:0;s:0:"";i:1;s:0:"";i:2;s:0:"";}]]></wp:meta_value>
		</wp:postmeta>
							<wp:postmeta>
		<wp:meta_key><![CDATA[medicenter_iframes]]></wp:meta_key>
		<wp:meta_value><![CDATA[a:3:{i:0;s:0:"";i:1;s:0:"";i:2;s:0:"";}]]></wp:meta_value>
		</wp:postmeta>
							<wp:postmeta>
		<wp:meta_key><![CDATA[medicenter_external_urls]]></wp:meta_key>
		<wp:meta_value><![CDATA[a:3:{i:0;s:0:"";i:1;s:0:"";i:2;s:0:"";}]]></wp:meta_value>
		</wp:postmeta>
							<wp:postmeta>
		<wp:meta_key><![CDATA[medicenter_features_images_loop]]></wp:meta_key>
		<wp:meta_value><![CDATA[yes]]></wp:meta_value>
		</wp:postmeta>
							<wp:postmeta>
		<wp:meta_key><![CDATA[rs_page_bg_color]]></wp:meta_key>
		<wp:meta_value><![CDATA[]]></wp:meta_value>
		</wp:postmeta>
							<wp:postmeta>
		<wp:meta_key><![CDATA[_wpb_vc_js_status]]></wp:meta_key>
		<wp:meta_value><![CDATA[true]]></wp:meta_value>
		</wp:postmeta>
							<wp:postmeta>
		<wp:meta_key><![CDATA[_wp_old_slug]]></wp:meta_key>
		<wp:meta_value><![CDATA[mark-anthony]]></wp:meta_value>
		</wp:postmeta>
	</item>
	<item>
		<title>Dr. Kaith Wizard</title>
		<link>http://quanticalabs.com/wptest/medicenter-new/doctors/dr-kaith-wizard/</link>
		<pubDate>Wed, 05 May 2021 15:12:41 +0000</pubDate>
		<dc:creator><![CDATA[admin]]></dc:creator>
		<guid isPermaLink="false">http://quanticalabs.com/wptest/medicenter-new/?post_type=doctors&#038;p=4004</guid>
		<description></description>
		<content:encoded><![CDATA[[vc_row el_position="first last"][vc_column width="1/3"][doctor_box title_box="1" display_social_icons="1" headers="1" headers_links="1" headers_border="1" show_subtitle="1" show_excerpt="1" show_social_icons="1" show_featured_image="1" featured_image_links="1"][/vc_column][vc_column width="2/3"][box_header title="Dr. Kaith Wizard" type="h2" bottom_border="1" animation="1"][vc_row_inner][vc_column_inner width="1/2"][vc_column_text el_class="description"]Dr. Adams is certified by the American Board in Internal Medicine and in hematology and medical oncology. He currently serves as a consultant in medical oncology at Medicenter Hospital and as the program director for the National Healthcare Group Medical Oncology Residency Program, which is run in collaboration with Medicenter Hospital.[/vc_column_text][vc_button title="TIMETABLE" icon="template-arrow-horizontal-1-after" href="http://quanticalabs.com/wptest/medicenter-new/timetable/"][/vc_column_inner][vc_column_inner width="1/2"][doctor_description_box][/vc_column_inner][/vc_row_inner][/vc_column][/vc_row][vc_row top_margin="page-margin-top"][vc_column][vc_separator][/vc_column][/vc_row][vc_row top_margin="page-margin-top"][vc_column width="1/3"][features ids="936" type="small" headers="1" headers_links="1" read_more="0" icon_links="1"][/vc_column][vc_column width="1/3"][features ids="281" type="small" headers="1" headers_links="1" read_more="0" icon_links="1"][/vc_column][vc_column width="1/3"][features ids="925" type="small" headers="1" headers_links="1" read_more="0" icon_links="1"][/vc_column][/vc_row][vc_row top_margin="page-margin-top"][vc_column][vc_separator][/vc_column][/vc_row][vc_row top_margin="page-margin-top"][vc_column width="2/3"][box_header title="Services" bottom_border="1" animation="1"][vc_column_text el_class="description"]Dr. Adams is certified by the American Board in Internal Medicine and in hematology and medical oncology. He currently serves as a consultant in medical oncology at Medicenter Hospital and as the program director for the National Healthcare Group Medical Oncology Residency Program, which is run in collaboration with Medicenter Hospital.[/vc_column_text][vc_row_inner top_margin="page-margin-top"][vc_column_inner width="1/2"][items_list animation="0" additembutton="" read_more="0"][item type="items" value="$350" url="" url_target="new_window" icon="" text_color="" value_color="" border_color=""]Colonoscopy[/item][item type="items" value="$275" url="" url_target="new_window" icon="" text_color="" value_color="" border_color=""]Gastroscopy[/item][item type="items" value="$175" url="" url_target="new_window" icon="" text_color="" value_color="" border_color=""]Allergy Testing[/item][item type="items" value="$100" url="" url_target="new_window" icon="" text_color="" value_color="" border_color=""]Molecule[/item][/items_list][/vc_column_inner][vc_column_inner width="1/2"][items_list animation="0" additembutton="" read_more="0"][item type="items" value="$350" url="" url_target="new_window" icon="" text_color="" value_color="" border_color=""]CT Scan[/item][item type="items" value="$275" url="" url_target="new_window" icon="" text_color="" value_color="" border_color=""]Bronchoscopy[/item][/items_list][/vc_column_inner][/vc_row_inner][vc_row_inner top_margin="page-margin-top"][vc_column_inner][box_header title="Medical Education" bottom_border="1" animation="1"][timeline_item label="SINCE 2005" label_position="" title="Royal College of Surgeons of Edinburg" subtitle="HEAD OF THE DEPARTMENT" animations="1" top_margin="page-margin-top"]Paetos dignissim at cursus elefeind norma arcu. Pellentesque accumsan est in tempus etos ullamcorper, sem quam suscipit lacus maecenas tortor.[/timeline_item][timeline_item label="SINCE 2002" title="Fellowship, Royal College of Physicians &amp; Surgeons of Glasgow" subtitle="DOCTOR" animations="1"]Paetos dignissim at cursus elefeind norma arcu. Pellentesque accumsan est in tempus etos ullamcorper, sem quam suscipit lacus maecenas tortor.[/timeline_item][timeline_item label="1998 - 2002" title="Residency, St. Vincent's University Hospital" subtitle="INTERN" animations="1"]Paetos dignissim at cursus elefeind norma arcu. Pellentesque accumsan est in tempus etos ullamcorper, sem quam suscipit lacus maecenas tortor.[/timeline_item][/vc_column_inner][/vc_row_inner][/vc_column][vc_column width="1/3"][vc_widget_sidebar sidebar_id="sidebar-home-right-style-2"][/vc_column][/vc_row]]]></content:encoded>
		<excerpt:encoded><![CDATA[Medical Technician in our clinic. Always smiling and kind. Privately, a horse riding enthusiast.]]></excerpt:encoded>
		<wp:post_id>4004</wp:post_id>
		<wp:post_date><![CDATA[2021-05-05 15:12:41]]></wp:post_date>
		<wp:post_date_gmt><![CDATA[2021-05-05 15:12:41]]></wp:post_date_gmt>
		<wp:comment_status><![CDATA[closed]]></wp:comment_status>
		<wp:ping_status><![CDATA[closed]]></wp:ping_status>
		<wp:post_name><![CDATA[dr-kaith-wizard]]></wp:post_name>
		<wp:status><![CDATA[publish]]></wp:status>
		<wp:post_parent>0</wp:post_parent>
		<wp:menu_order>0</wp:menu_order>
		<wp:post_type><![CDATA[doctors]]></wp:post_type>
		<wp:post_password><![CDATA[]]></wp:post_password>
		<wp:is_sticky>0</wp:is_sticky>
														<wp:postmeta>
		<wp:meta_key><![CDATA[_edit_last]]></wp:meta_key>
		<wp:meta_value><![CDATA[1]]></wp:meta_value>
		</wp:postmeta>
							<wp:postmeta>
		<wp:meta_key><![CDATA[_thumbnail_id]]></wp:meta_key>
		<wp:meta_value><![CDATA[3215]]></wp:meta_value>
		</wp:postmeta>
							<wp:postmeta>
		<wp:meta_key><![CDATA[subtitle]]></wp:meta_key>
		<wp:meta_value><![CDATA[Medical Technician]]></wp:meta_value>
		</wp:postmeta>
							<wp:postmeta>
		<wp:meta_key><![CDATA[doctor_description]]></wp:meta_key>
		<wp:meta_value><![CDATA[<table class="margin-top-30">
<tbody>
<tr>
<td>Speciality</td>
<td>Human Resources</td>
</tr>
<tr>
<td>Degrees</td>
<td>Master of Economics</td>
</tr>
<tr>
<td>Areas of Expertise</td>
<td>[items_list type="simple"][item icon="check"]Adolescent Health[/item][item icon="check"]Immunology[/item][item icon="check"]Internal Medicine[/item][/items_list]</td>
</tr>
<tr>
<td>Office</td>
<td>312, Hall C</td>
</tr>
<tr>
<td>Gender</td>
<td>Female</td>
</tr>
</tbody>
</table>]]></wp:meta_value>
		</wp:postmeta>
							<wp:postmeta>
		<wp:meta_key><![CDATA[image_title]]></wp:meta_key>
		<wp:meta_value><![CDATA[]]></wp:meta_value>
		</wp:postmeta>
							<wp:postmeta>
		<wp:meta_key><![CDATA[video_url]]></wp:meta_key>
		<wp:meta_value><![CDATA[]]></wp:meta_value>
		</wp:postmeta>
							<wp:postmeta>
		<wp:meta_key><![CDATA[iframe_url]]></wp:meta_key>
		<wp:meta_value><![CDATA[]]></wp:meta_value>
		</wp:postmeta>
							<wp:postmeta>
		<wp:meta_key><![CDATA[external_url]]></wp:meta_key>
		<wp:meta_value><![CDATA[]]></wp:meta_value>
		</wp:postmeta>
							<wp:postmeta>
		<wp:meta_key><![CDATA[external_url_target]]></wp:meta_key>
		<wp:meta_value><![CDATA[same_window]]></wp:meta_value>
		</wp:postmeta>
							<wp:postmeta>
		<wp:meta_key><![CDATA[timetable_page]]></wp:meta_key>
		<wp:meta_value><![CDATA[]]></wp:meta_value>
		</wp:postmeta>
							<wp:postmeta>
		<wp:meta_key><![CDATA[social_icon_type]]></wp:meta_key>
		<wp:meta_value><![CDATA[a:3:{i:0;s:7:"youtube";i:1;s:8:"dribbble";i:2;s:9:"pinterest";}]]></wp:meta_value>
		</wp:postmeta>
							<wp:postmeta>
		<wp:meta_key><![CDATA[social_icon_url]]></wp:meta_key>
		<wp:meta_value><![CDATA[a:4:{i:0;s:41:"https://www.youtube.com/user/quanticalabs";i:1;s:33:"https://dribbble.com/QuanticaLabs";i:2;s:35:"https://pinterest.com/quanticalabs/";i:3;s:0:"";}]]></wp:meta_value>
		</wp:postmeta>
							<wp:postmeta>
		<wp:meta_key><![CDATA[social_icon_target]]></wp:meta_key>
		<wp:meta_value><![CDATA[a:4:{i:0;s:10:"new_window";i:1;s:10:"new_window";i:2;s:11:"same_window";i:3;s:11:"same_window";}]]></wp:meta_value>
		</wp:postmeta>
							<wp:postmeta>
		<wp:meta_key><![CDATA[medicenter_attachment_ids]]></wp:meta_key>
		<wp:meta_value><![CDATA[a:3:{i:0;s:0:"";i:1;s:0:"";i:2;s:0:"";}]]></wp:meta_value>
		</wp:postmeta>
							<wp:postmeta>
		<wp:meta_key><![CDATA[medicenter_images]]></wp:meta_key>
		<wp:meta_value><![CDATA[a:0:{}]]></wp:meta_value>
		</wp:postmeta>
							<wp:postmeta>
		<wp:meta_key><![CDATA[medicenter_images_titles]]></wp:meta_key>
		<wp:meta_value><![CDATA[a:3:{i:0;s:0:"";i:1;s:0:"";i:2;s:0:"";}]]></wp:meta_value>
		</wp:postmeta>
							<wp:postmeta>
		<wp:meta_key><![CDATA[medicenter_videos]]></wp:meta_key>
		<wp:meta_value><![CDATA[a:3:{i:0;s:0:"";i:1;s:0:"";i:2;s:0:"";}]]></wp:meta_value>
		</wp:postmeta>
							<wp:postmeta>
		<wp:meta_key><![CDATA[medicenter_iframes]]></wp:meta_key>
		<wp:meta_value><![CDATA[a:3:{i:0;s:0:"";i:1;s:0:"";i:2;s:0:"";}]]></wp:meta_value>
		</wp:postmeta>
							<wp:postmeta>
		<wp:meta_key><![CDATA[medicenter_external_urls]]></wp:meta_key>
		<wp:meta_value><![CDATA[a:3:{i:0;s:0:"";i:1;s:0:"";i:2;s:0:"";}]]></wp:meta_value>
		</wp:postmeta>
							<wp:postmeta>
		<wp:meta_key><![CDATA[medicenter_features_images_loop]]></wp:meta_key>
		<wp:meta_value><![CDATA[yes]]></wp:meta_value>
		</wp:postmeta>
							<wp:postmeta>
		<wp:meta_key><![CDATA[rs_page_bg_color]]></wp:meta_key>
		<wp:meta_value><![CDATA[]]></wp:meta_value>
		</wp:postmeta>
							<wp:postmeta>
		<wp:meta_key><![CDATA[_wpb_vc_js_status]]></wp:meta_key>
		<wp:meta_value><![CDATA[true]]></wp:meta_value>
		</wp:postmeta>
							<wp:postmeta>
		<wp:meta_key><![CDATA[_wp_old_slug]]></wp:meta_key>
		<wp:meta_value><![CDATA[kaith-wizard]]></wp:meta_value>
		</wp:postmeta>
	</item>
</channel>
</rss>
