[{"sidebar-header-top":["text-2"],"sidebar-header-top-right":["text-3"],"sidebar-shop":["woocommerce_price_filter-5","woocommerce_product_categories-5","woocommerce_top_rated_products-5","woocommerce_product_search-5"],"sidebar-home-right-style-3":["medicenter_departments-5"],"sidebar-opening-hours":["medicenter_home_box-8"],"sidebar-header":["search-3"],"sidebar-home-top":["medicenter_home_box-2","medicenter_home_box-3","medicenter_home_box-4"],"sidebar-home-right":["medicenter_departments-4","medicenter_appointment-2"],"sidebar-footer-top":["medicenter_footer_box-2","medicenter_footer_box-3","medicenter_footer_box-4"],"sidebar-footer-bottom":["medicenter_contact_details-2","nav_menu-2","medicenter_scrolling_recent_posts-2","medicenter_twitter-2"],"sidebar-home-right-style-2":["medicenter_appointment-3"],"sidebar-blog":["categories-3","medicenter_scrolling_most_commented-2","medicenter_scrolling_most_viewed-2"],"sidebar-blog-2":["archives-3","tag_cloud-2","medicenter_appointment-4"],"sidebar-departments":["medicenter_home_box-5","medicenter_home_box-6","medicenter_home_box-7"],"sidebar-departments-2":["medicenter_appointment-5"],"sidebar-gallery":["medicenter_scrolling_most_commented-3"],"sidebar-gallery-2":["medicenter_appointment-6"],"sidebar-copyright-area":["text-4"]},{"text":{"2":{"title":"","text":"<div style='padding: 17px 0;' class='clearfix'>\r\n<ul class='thin-list'>\r\n<li>\r\n[header_icon]2702 Memory Lane, Chicago, IL 60605[\/header_icon]\r\n<\/li>\r\n<li>\r\n[header_icon type='phone' url='tel:5102105225' url_target=''](510) 210-5225[\/header_icon]\r\n<\/li>\r\n<li>\r\n[header_icon type='mail' url='mailto:contact@medicenter.com' url_target='']contact@medicenter.com[\/header_icon]\r\n<\/li>\r\n<\/ul>\r\n\r\n<div class=\"icons-list\">\r\n[mc_icon type=\"social\" url='https:\/\/twitter.com\/QuanticaLabs' icon_social='twitter']\r\n[mc_icon type=\"social\" url='https:\/\/www.facebook.com\/QuanticaLabs\/' icon_social='facebook']\r\n[mc_icon type=\"social\" url='https:\/\/www.pinterest.com\/quanticalabs\/' icon_social='pinterest']\r\n[mc_cart_icon class='mc-icon']\r\n<\/div>\r\n<\/div>","filter":false},"3":{"title":"","text":"<ul class=\"top-info-list\">\r\n<li>Emergency Call<div class=\"value\">(510) 210-5225<\/div><\/li>\r\n<li class=\"separator\"><\/li>\r\n<li>Chicago, IL 60605<div class=\"value\">2702 Memory Lane<\/div><\/li>\r\n<\/ul>","filter":false},"4":{"title":"","text":"<div class=\"icons-list\">\r\n[mc_icon type=\"social\" url='https:\/\/twitter.com\/QuanticaLabs' icon_social='twitter']\r\n[mc_icon type=\"social\" url='https:\/\/www.facebook.com\/QuanticaLabs\/' icon_social='facebook']\r\n[mc_icon type=\"social\" url='https:\/\/www.pinterest.com\/quanticalabs\/' icon_social='pinterest']\r\n<\/div>","filter":false},"_multiwidget":1},"woocommerce_price_filter":{"5":{"title":"Filter By Price"},"_multiwidget":1},"woocommerce_product_categories":{"5":{"title":"Product Categories","orderby":"name","dropdown":0,"count":0,"hierarchical":0,"show_children_only":0,"hide_empty":0},"_multiwidget":1},"woocommerce_top_rated_products":{"5":{"title":"Top Rated Products","number":5},"_multiwidget":1},"woocommerce_product_search":{"5":{"title":"Search Products"},"_multiwidget":1},"medicenter_departments":{"5":{"title":"Departments","animation":"0","order":"ASC","categories":"","departments_page":"1012","timetable_page":"1209","active":1,"tab_color":"","tab_custom_color":"","button_style":"light","button_color":"3156a3","button_custom_color":"","button_hover_color":"3156a3","button_hover_custom_color":"","button_text_color":"","button_hover_text_color":""},"4":{"title":"Departments","order":"ASC","categories":"","departments_page":"1012","timetable_page":"1209","active":1,"collapsible":1,"button_text_color":"","button_hover_text_color":"","button_color":"3156a3","button_custom_color":"","button_hover_color":"3156a3","button_hover_custom_color":"","button_border_color":"3156a3","button_border_custom_color":"","button_hover_border_color":"42b3e5","button_hover_border_custom_color":"","tab_color":"","tab_custom_color":"","animation":"1","button_style":"light"},"_multiwidget":1},"search":{"3":{"title":""},"_multiwidget":1},"medicenter_home_box":{"8":{"title":"Opening Hours","title_color":"","color":"","custom_color":"606BA2","width":"","content":"[items_list type='scrolling' top_margin_header='none' top_margin='none' class='thin opening-hours']\r\n\t[item value='8.00am - 5.00pm']Monday - Thursday[\/item]\r\n\t[item value='9.00am - 6.00pm']Friday[\/item]\r\n\t[item value='9.30am - 5.30pm']Saturday[\/item]\r\n\t[item value='9.30am - 3.00pm']Sunday[\/item]\r\n[\/items_list]","text_color":"","more_button_url":"","more_button_label":"","button_target":"same_window","button_style":"light","button_text_color":"","button_hover_text_color":"","button_color":"transparent","button_custom_color":"","button_hover_color":"ffffff","button_custom_hover_color":"","animation":"","animation_duration":"600","animation_delay":"0"},"2":{"title":"Emergency Case","title_color":"","color":"","custom_color":"","content":"If you need a doctor urgently outside of medicenter opening hours, call emergency appointment number for emergency service. ","text_color":"","more_button_url":"https:\/\/quanticalabs.com\/wp_themes\/medicenter\/contact\/","more_button_label":"READ MORE","width":"","button_target":"same_window","button_text_color":"","button_hover_text_color":"000000","button_color":"3156a3","button_custom_color":"3156a3","button_hover_color":"7cba3d","button_custom_hover_color":"7cba3d","animation":"fadeIn","animation_duration":"500","animation_delay":"0","button_style":"light"},"3":{"title":"Doctors Timetable","title_color":"","color":"","custom_color":"","width":"","content":"Here at medicenter we have individual doctor's lists. Click read more below to see services and current timetable for our doctors.","text_color":"","more_button_url":"https:\/\/quanticalabs.com\/wp_themes\/medicenter\/timetable\/","more_button_label":"READ MORE","button_target":"same_window","button_text_color":"","button_hover_text_color":"","button_color":"transparent","button_custom_color":"transparent","button_hover_color":"ffffff","button_custom_hover_color":"ffffff","animation":"slideRight","animation_duration":"800","animation_delay":"250","button_style":"light"},"4":{"title":"Opening Hours","title_color":"","color":"","custom_color":"","width":"","content":"[items_list type='scrolling' top_margin_header='none' top_margin='none' class='thin opening-hours']\r\n\t[item value='8.00 - 17.00']Monday - Thursday[\/item]\r\n\t[item value='9.00 - 18.00']Friday[\/item]\r\n\t[item value='9.30 - 17.30']Saturday[\/item]\r\n\t[item value='9.30 - 15.00']Sunday[\/item]\r\n[\/items_list]","text_color":"","more_button_url":"","more_button_label":"","button_target":"same_window","button_text_color":"","button_hover_text_color":"","button_color":"transparent","button_custom_color":"","button_hover_color":"ffffff","button_custom_hover_color":"","animation":"slideRight200","animation_duration":"800","animation_delay":"500"},"5":{"title":"Emergency Case","title_color":"","color":"","custom_color":"","width":"","content":"If you need a doctor urgently outside of medicenter opening hours, call emergency appointment number for emergency service.","text_color":"","more_button_url":"https:\/\/quanticalabs.com\/wp_themes\/medicenter\/contact\/","more_button_label":"READ MORE","button_target":"same_window","button_text_color":"","button_hover_text_color":"","button_color":"transparent","button_custom_color":"","button_hover_color":"ffffff","button_custom_hover_color":"","animation":"fadeIn","animation_duration":"500","animation_delay":"0","button_style":"light"},"6":{"title":"Doctors Timetable","title_color":"","color":"","custom_color":"","width":"","content":"Here at medicenter we have individual doctor's lists. Click read more below to see services and current timetable for our doctors.","text_color":"","more_button_url":"https:\/\/quanticalabs.com\/wp_themes\/medicenter\/timetable\/","more_button_label":"READ MORE","button_target":"same_window","button_text_color":"","button_hover_text_color":"","button_color":"transparent","button_custom_color":"","button_hover_color":"ffffff","button_custom_hover_color":"","animation":"slideDown","animation_duration":"800","animation_delay":"250","button_style":"light"},"7":{"title":"Opening Hours","title_color":"","color":"","custom_color":"","width":"","content":"[items_list type='scrolling' top_margin='none' class='thin opening-hours']\r\n\t[item value='8.00 - 17.00']Monday - Thursday[\/item]\r\n\t[item value='9.00 - 18.00']Friday[\/item]\r\n\t[item value='9.30 - 17.30']Saturday[\/item]\r\n\t[item value='9.30 - 15.00']Sunday[\/item]\r\n[\/items_list]","text_color":"","more_button_url":"","more_button_label":"","button_target":"same_window","button_text_color":"","button_hover_text_color":"","button_color":"transparent","button_custom_color":"","button_hover_color":"ffffff","button_custom_hover_color":"","animation":"slideDown","animation_duration":"800","animation_delay":"500"},"_multiwidget":1},"medicenter_appointment":{"2":{"title":"Make An Appointment ","icon_type":["location","mobile","email","facebook","twitter"],"icon_value":["2702 Memory Lane<br>Chicago, IL 60605","<a href=\"tel:(510)2105225\">(510) 210-5225<\/a><br><a href=\"tel:(510)2105226\">(510) 210-5226<\/a>","Online Booking:<br><a href=\"mailto:booking@medicenter.com\">booking@medicenter.com<\/a>","Facebook:<br><a href=\"https:\/\/www.facebook.com\/QuanticaLabs\" target=\"_blank\">facebook.com\/medicenter<\/a>","Twitter:<br><a href=\"https:\/\/twitter.com\/QuanticaLabs\" target=\"_blank\">twitter.com\/medicenter<\/a>"],"icon_target":["same_window","same_window","new_window","same_window","new_window","new_window"],"sentence":"[sentence title=\"Being in control of your life and having realistic expectations about your day-to-day challenges are the keys to stress management.\" author=\"\u2014 Josh Billings\" title_animation=\"slideLeft50\" title_animation_duration=\"600\" title_animation_delay=\"0\" author_animation=\"slideLeft50\" author_animation_duration=\"600\" author_animation_delay=\"600\"]","content":"","icon_color":["blue_light","blue_light","blue_light","blue_light","blue_light"],"animation":"1"},"3":{"title":"Medicenter Clinic","sentence":"[sentence title=\"Being in control of your life and having realistic expectations about your day-to-day challenges are the keys to stress management.\" author=\"\u2014 Josh Billings\" title_animation=\"slideLeft50\" title_animation_duration=\"600\" title_animation_delay=\"0\" author_animation=\"slideLeft50\" author_animation_duration=\"600\" author_animation_delay=\"600\"]","content":"","icon_type":["location","mobile","email","facebook","twitter"],"icon_value":["2702 Memory Lane<br>Chicago, IL 60605","<a href=\"tel:(510)2105225\">(510) 210-5225<\/a><br><a href=\"tel:(510)2105226\">(510) 210-5226<\/a>","Online Booking:<br><a href=\"mailto:booking@medicenter.com\">booking@medicenter.com<\/a>","Facebook:<br><a href=\"https:\/\/www.facebook.com\/QuanticaLabs\" target=\"_blank\">facebook.com\/medicenter<\/a>","Twitter:<br><a href=\"https:\/\/twitter.com\/QuanticaLabs\" target=\"_blank\">twitter.com\/medicenter<\/a>"],"icon_color":["blue_light","blue_light","blue_light","blue_light","blue_light"],"animation":"1"},"4":{"title":"Make An Appointment","sentence":"[sentence title=\"Being in control of your life and having realistic expectations about your day-to-day challenges are the keys to stress management.\" author=\"\u2014 Josh Billings\" title_animation=\"slideLeft50\" title_animation_duration=\"600\" title_animation_delay=\"0\" author_animation=\"slideLeft50\" author_animation_duration=\"600\" author_animation_delay=\"600\"]","content":"","icon_type":["location","mobile","email","facebook","twitter"],"icon_value":["2702 Memory Lane<br>Chicago, IL 60605","<a href=\"tel:(510)2105225\">(510) 210-5225<\/a><br><a href=\"tel:(510)2105226\">(510) 210-5226<\/a>","Online Booking:<br><a href=\"mailto:booking@medicenter.com\">booking@medicenter.com<\/a>","Facebook:<br><a href=\"https:\/\/www.facebook.com\/QuanticaLabs\" target=\"_blank\">facebook.com\/medicenter<\/a>","Twitter:<br><a href=\"https:\/\/twitter.com\/QuanticaLabs\" target=\"_blank\">twitter.com\/medicenter<\/a>"],"icon_color":["blue_light","blue_light","blue_light","blue_light"],"animation":"1"},"5":{"title":"Make An Appointment","sentence":"[sentence title=\"Being in control of your life and having realistic expectations about your day-to-day challenges are the keys to stress management.\" author=\"\u2014 Josh Billings\" title_animation=\"slideLeft50\" title_animation_duration=\"600\" title_animation_delay=\"0\" author_animation=\"slideLeft50\" author_animation_duration=\"600\" author_animation_delay=\"600\"]","content":"","icon_type":["location","mobile","email","facebook","twitter"],"icon_value":["2702 Memory Lane<br>Chicago, IL 60605","<a href=\"tel:(510)2105225\">(510) 210-5225<\/a><br><a href=\"tel:(510)2105226\">(510) 210-5226<\/a>","Online Booking:<br><a href=\"mailto:booking@medicenter.com\">booking@medicenter.com<\/a>","Facebook:<br><a href=\"https:\/\/www.facebook.com\/QuanticaLabs\" target=\"_blank\">facebook.com\/medicenter<\/a>","Twitter:<br><a href=\"https:\/\/twitter.com\/QuanticaLabs\" target=\"_blank\">twitter.com\/medicenter<\/a>"],"icon_color":["blue_light","blue_light","blue_light","blue_light"],"animation":"1"},"6":{"title":"Make An Appointment","sentence":"","content":"","icon_type":["location","mobile","email","facebook","twitter"],"icon_value":["2702 Memory Lane<br>Chicago, IL 60605","<a href=\"tel:(510)2105225\">(510) 210-5225<\/a><br><a href=\"tel:(510)2105226\">(510) 210-5226<\/a>","Online Booking:<br><a href=\"mailto:booking@medicenter.com\">booking@medicenter.com<\/a>","Facebook:<br><a href=\"https:\/\/www.facebook.com\/QuanticaLabs\" target=\"_blank\">facebook.com\/medicenter<\/a>","Twitter:<br><a href=\"https:\/\/twitter.com\/QuanticaLabs\" target=\"_blank\">twitter.com\/medicenter<\/a>"],"icon_color":["blue_light","blue_light","blue_light","blue_light"],"animation":"1"},"_multiwidget":1},"medicenter_footer_box":{"2":{"title":"Find a clinic near you","title_color":"","url":"","content":"<a href='https:\/\/www.google.pl\/maps\/place\/Keilor+East+Wiktoria+3033,+Australia\/@-37.7366966,144.8379977,14z\/data=!3m1!4b1!4m5!3m4!1s0x6ad65ebe7dc6fd43:0x5045675218cd360!8m2!3d-37.741667!4d144.863056' target='_blank'>Find Us On Map<\/a>","text_color":"","color":"","custom_color":"","more_label":"","animation":"fadeIn","animation_duration":"500","animation_delay":"0","icon":"map"},"3":{"title":"Call for an appointment!","title_color":"","url":"","more_label":"","content":"<a href='tel:(510)2105225#'>(510) 210-5225<\/a>","text_color":"","color":"","custom_color":"","animation":"slideRight","animation_duration":"800","animation_delay":"250","icon":"phone"},"4":{"title":"Feel free to message us!","title_color":"","url":"","more_label":"","content":"<a href='mailto:contact@medicenter.com'>Send an Email<\/a>","text_color":"","color":"","custom_color":"","animation":"slideRight200","animation_duration":"800","animation_delay":"500","icon":"email"},"_multiwidget":1},"medicenter_contact_details":{"2":{"title":"About Us","content":"At MediCenter we intend to create medicines that improve both the quality and duration of patient lives.","address_line_1":"Medicenter Clinic","address_line_2":"33 Farlane Street","address_line_3":"Keilor East","contact_line_1":"","contact_line_2":"+123 655 655","contact_line_3":"+123 655 755","icon_type":["location","phone","mail"],"icon_value":["2702 Memory Lane<br>Chicago, IL 60605","<a href=\"tel:(510)2105225\">(510) 210-5225<\/a><br><a href=\"tel:(510)2105226\">(510) 210-5226<\/a>","<a href=\"mailto:booking@medicenter.com\">booking@medicenter.com<\/a>",""],"icon_target":["new_window","new_window","same_window","same_window"],"address_line_4":"VIC 3033, Australia","contact_line_4":"<a title=\"Send Email\" href=\"mailto:medicenter@mail.com\">medicenter@mail.com<\/a>","icon_color":["blue_light","blue_light","blue_light","blue_light"],"animation":"1"},"_multiwidget":1},"nav_menu":{"2":{"title":"Additional Links","nav_menu":40},"_multiwidget":1},"medicenter_scrolling_recent_posts":{"2":{"title":"Latest Posts","count":"5","animation":"1"},"_multiwidget":1},"medicenter_twitter":{"2":{"title":"Latest Tweets","login":"quanticalabs","count":"10","consumer_key":"","consumer_secret":"","access_token":"","access_token_secret":"","animation":"1"},"_multiwidget":1},"categories":{"3":{"title":"Categories","count":0,"hierarchical":0,"dropdown":0},"_multiwidget":1},"medicenter_scrolling_most_commented":{"2":{"title":"Most Commented","count":"5","animation":"1"},"3":{"title":"Most Commented","count":"5","animation":"1"},"_multiwidget":1},"medicenter_scrolling_most_viewed":{"2":{"title":"Most Viewed","count":"5","animation":"1"},"_multiwidget":1},"archives":{"3":{"title":"Archives","count":0,"dropdown":0},"_multiwidget":1},"tag_cloud":{"2":{"title":"Tags","taxonomy":"post_tag"},"_multiwidget":1}}]